file,labels
/media/jczars/4C22F02A22F01B22/Ensembler_pollen_classification/BD/BI_5/labels//equatorial_alongada/15.Ferula (1).png,equatorial_alongada
/media/jczars/4C22F02A22F01B22/Ensembler_pollen_classification/BD/BI_5/labels//equatorial_alongada/15.Ferula (16).png,equatorial_alongada
/media/jczars/4C22F02A22F01B22/Ensembler_pollen_classification/BD/BI_5/labels//equatorial_alongada/15.Ferula (17).png,equatorial_alongada
/media/jczars/4C22F02A22F01B22/Ensembler_pollen_classification/BD/BI_5/labels//equatorial_alongada/15.Ferula (18).png,equatorial_alongada
/media/jczars/4C22F02A22F01B22/Ensembler_pollen_classification/BD/BI_5/labels//equatorial_alongada/15.Ferula (2).png,equatorial_alongada
/media/jczars/4C22F02A22F01B22/Ensembler_pollen_classification/BD/BI_5/labels//equatorial_alongada/15.Ferula (21).png,equatorial_alongada
/media/jczars/4C22F02A22F01B22/Ensembler_pollen_classification/BD/BI_5/labels//equatorial_alongada/15.Ferula (22).png,equatorial_alongada
/media/jczars/4C22F02A22F01B22/Ensembler_pollen_classification/BD/BI_5/labels//equatorial_alongada/15.Ferula (24).png,equatorial_alongada
/media/jczars/4C22F02A22F01B22/Ensembler_pollen_classification/BD/BI_5/labels//equatorial_alongada/15.Ferula (25).png,equatorial_alongada
/media/jczars/4C22F02A22F01B22/Ensembler_pollen_classification/BD/BI_5/labels//equatorial_alongada/15.Ferula (26).png,equatorial_alongada
/media/jczars/4C22F02A22F01B22/Ensembler_pollen_classification/BD/BI_5/labels//equatorial_alongada/15.Ferula (27).png,equatorial_alongada
/media/jczars/4C22F02A22F01B22/Ensembler_pollen_classification/BD/BI_5/labels//equatorial_alongada/15.Ferula (28).png,equatorial_alongada
/media/jczars/4C22F02A22F01B22/Ensembler_pollen_classification/BD/BI_5/labels//equatorial_alongada/15.Ferula (29).png,equatorial_alongada
/media/jczars/4C22F02A22F01B22/Ensembler_pollen_classification/BD/BI_5/labels//equatorial_alongada/15.Ferula (3).png,equatorial_alongada
/media/jczars/4C22F02A22F01B22/Ensembler_pollen_classification/BD/BI_5/labels//equatorial_alongada/15.Ferula (30).png,equatorial_alongada
/media/jczars/4C22F02A22F01B22/Ensembler_pollen_classification/BD/BI_5/labels//equatorial_alongada/15.Ferula (31).png,equatorial_alongada
/media/jczars/4C22F02A22F01B22/Ensembler_pollen_classification/BD/BI_5/labels//equatorial_alongada/15.Ferula (35).png,equatorial_alongada
/media/jczars/4C22F02A22F01B22/Ensembler_pollen_classification/BD/BI_5/labels//equatorial_alongada/15.Ferula (36).png,equatorial_alongada
/media/jczars/4C22F02A22F01B22/Ensembler_pollen_classification/BD/BI_5/labels//equatorial_alongada/15.Ferula (43).png,equatorial_alongada
/media/jczars/4C22F02A22F01B22/Ensembler_pollen_classification/BD/BI_5/labels//equatorial_alongada/15.Ferula (44).png,equatorial_alongada
/media/jczars/4C22F02A22F01B22/Ensembler_pollen_classification/BD/BI_5/labels//equatorial_alongada/15.Ferula (45).png,equatorial_alongada
/media/jczars/4C22F02A22F01B22/Ensembler_pollen_classification/BD/BI_5/labels//equatorial_alongada/15.Ferula (46).png,equatorial_alongada
/media/jczars/4C22F02A22F01B22/Ensembler_pollen_classification/BD/BI_5/labels//equatorial_alongada/15.Ferula (47).png,equatorial_alongada
/media/jczars/4C22F02A22F01B22/Ensembler_pollen_classification/BD/BI_5/labels//equatorial_alongada/15.Ferula (48).png,equatorial_alongada
/media/jczars/4C22F02A22F01B22/Ensembler_pollen_classification/BD/BI_5/labels//equatorial_alongada/15.Ferula (49).png,equatorial_alongada
/media/jczars/4C22F02A22F01B22/Ensembler_pollen_classification/BD/BI_5/labels//equatorial_alongada/15.Ferula (51).png,equatorial_alongada
/media/jczars/4C22F02A22F01B22/Ensembler_pollen_classification/BD/BI_5/labels//equatorial_alongada/15.Ferula (52).png,equatorial_alongada
/media/jczars/4C22F02A22F01B22/Ensembler_pollen_classification/BD/BI_5/labels//equatorial_alongada/15.Ferula (54).png,equatorial_alongada
/media/jczars/4C22F02A22F01B22/Ensembler_pollen_classification/BD/BI_5/labels//equatorial_alongada/15.Ferula (55).png,equatorial_alongada
/media/jczars/4C22F02A22F01B22/Ensembler_pollen_classification/BD/BI_5/labels//equatorial_alongada/15.Ferula (56).png,equatorial_alongada
/media/jczars/4C22F02A22F01B22/Ensembler_pollen_classification/BD/BI_5/labels//equatorial_alongada/15.Ferula (57).png,equatorial_alongada
/media/jczars/4C22F02A22F01B22/Ensembler_pollen_classification/BD/BI_5/labels//equatorial_alongada/15.Ferula (6).png,equatorial_alongada
/media/jczars/4C22F02A22F01B22/Ensembler_pollen_classification/BD/BI_5/labels//equatorial_alongada/15.Ferula (9).png,equatorial_alongada
/media/jczars/4C22F02A22F01B22/Ensembler_pollen_classification/BD/BI_5/labels//equatorial_alongada/3.Castanea (1).png,equatorial_alongada
/media/jczars/4C22F02A22F01B22/Ensembler_pollen_classification/BD/BI_5/labels//equatorial_alongada/3.Castanea (113).png,equatorial_alongada
/media/jczars/4C22F02A22F01B22/Ensembler_pollen_classification/BD/BI_5/labels//equatorial_alongada/3.Castanea (114).png,equatorial_alongada
/media/jczars/4C22F02A22F01B22/Ensembler_pollen_classification/BD/BI_5/labels//equatorial_alongada/3.Castanea (116).png,equatorial_alongada
/media/jczars/4C22F02A22F01B22/Ensembler_pollen_classification/BD/BI_5/labels//equatorial_alongada/3.Castanea (117).png,equatorial_alongada
/media/jczars/4C22F02A22F01B22/Ensembler_pollen_classification/BD/BI_5/labels//equatorial_alongada/3.Castanea (121).png,equatorial_alongada
/media/jczars/4C22F02A22F01B22/Ensembler_pollen_classification/BD/BI_5/labels//equatorial_alongada/3.Castanea (126).png,equatorial_alongada
/media/jczars/4C22F02A22F01B22/Ensembler_pollen_classification/BD/BI_5/labels//equatorial_alongada/3.Castanea (130).png,equatorial_alongada
/media/jczars/4C22F02A22F01B22/Ensembler_pollen_classification/BD/BI_5/labels//equatorial_alongada/3.Castanea (138).png,equatorial_alongada
/media/jczars/4C22F02A22F01B22/Ensembler_pollen_classification/BD/BI_5/labels//equatorial_alongada/3.Castanea (143).png,equatorial_alongada
/media/jczars/4C22F02A22F01B22/Ensembler_pollen_classification/BD/BI_5/labels//equatorial_alongada/3.Castanea (153).png,equatorial_alongada
/media/jczars/4C22F02A22F01B22/Ensembler_pollen_classification/BD/BI_5/labels//equatorial_alongada/3.Castanea (156).png,equatorial_alongada
/media/jczars/4C22F02A22F01B22/Ensembler_pollen_classification/BD/BI_5/labels//equatorial_alongada/3.Castanea (158).png,equatorial_alongada
/media/jczars/4C22F02A22F01B22/Ensembler_pollen_classification/BD/BI_5/labels//equatorial_alongada/3.Castanea (160).png,equatorial_alongada
/media/jczars/4C22F02A22F01B22/Ensembler_pollen_classification/BD/BI_5/labels//equatorial_alongada/3.Castanea (168).png,equatorial_alongada
/media/jczars/4C22F02A22F01B22/Ensembler_pollen_classification/BD/BI_5/labels//equatorial_alongada/3.Castanea (176).png,equatorial_alongada
/media/jczars/4C22F02A22F01B22/Ensembler_pollen_classification/BD/BI_5/labels//equatorial_alongada/3.Castanea (18).png,equatorial_alongada
/media/jczars/4C22F02A22F01B22/Ensembler_pollen_classification/BD/BI_5/labels//equatorial_alongada/3.Castanea (180).png,equatorial_alongada
/media/jczars/4C22F02A22F01B22/Ensembler_pollen_classification/BD/BI_5/labels//equatorial_alongada/3.Castanea (22).png,equatorial_alongada
/media/jczars/4C22F02A22F01B22/Ensembler_pollen_classification/BD/BI_5/labels//equatorial_alongada/3.Castanea (23).png,equatorial_alongada
/media/jczars/4C22F02A22F01B22/Ensembler_pollen_classification/BD/BI_5/labels//equatorial_alongada/3.Castanea (25).png,equatorial_alongada
/media/jczars/4C22F02A22F01B22/Ensembler_pollen_classification/BD/BI_5/labels//equatorial_alongada/3.Castanea (30).png,equatorial_alongada
/media/jczars/4C22F02A22F01B22/Ensembler_pollen_classification/BD/BI_5/labels//equatorial_alongada/3.Castanea (45).png,equatorial_alongada
/media/jczars/4C22F02A22F01B22/Ensembler_pollen_classification/BD/BI_5/labels//equatorial_alongada/3.Castanea (49).png,equatorial_alongada
/media/jczars/4C22F02A22F01B22/Ensembler_pollen_classification/BD/BI_5/labels//equatorial_alongada/3.Castanea (53).png,equatorial_alongada
/media/jczars/4C22F02A22F01B22/Ensembler_pollen_classification/BD/BI_5/labels//equatorial_alongada/3.Castanea (54).png,equatorial_alongada
/media/jczars/4C22F02A22F01B22/Ensembler_pollen_classification/BD/BI_5/labels//equatorial_alongada/3.Castanea (74).png,equatorial_alongada
/media/jczars/4C22F02A22F01B22/Ensembler_pollen_classification/BD/BI_5/labels//equatorial_alongada/3.Castanea (76).png,equatorial_alongada
/media/jczars/4C22F02A22F01B22/Ensembler_pollen_classification/BD/BI_5/labels//equatorial_alongada/3.Castanea (8).png,equatorial_alongada
/media/jczars/4C22F02A22F01B22/Ensembler_pollen_classification/BD/BI_5/labels//equatorial_alongada/3.Castanea (81).png,equatorial_alongada
/media/jczars/4C22F02A22F01B22/Ensembler_pollen_classification/BD/BI_5/labels//equatorial_alongada/3.Castanea (88).png,equatorial_alongada
/media/jczars/4C22F02A22F01B22/Ensembler_pollen_classification/BD/BI_5/labels//equatorial_alongada/3.Castanea (9).png,equatorial_alongada
/media/jczars/4C22F02A22F01B22/Ensembler_pollen_classification/BD/BI_5/labels//equatorial_alongada/3.Castanea (98).png,equatorial_alongada
/media/jczars/4C22F02A22F01B22/Ensembler_pollen_classification/BD/BI_5/labels//equatorial_alongada/3.Castanea (99).png,equatorial_alongada
/media/jczars/4C22F02A22F01B22/Ensembler_pollen_classification/BD/BI_5/labels//equatorial_alongada/15.Ferula (32).png,equatorial_alongada
/media/jczars/4C22F02A22F01B22/Ensembler_pollen_classification/BD/BI_5/labels//equatorial_alongada/15.Ferula (7).png,equatorial_alongada
/media/jczars/4C22F02A22F01B22/Ensembler_pollen_classification/BD/BI_5/labels//equatorial_alongada/3.Castanea (175).png,equatorial_alongada
/media/jczars/4C22F02A22F01B22/Ensembler_pollen_classification/BD/BI_5/labels//equatorial_circular/1.Thymbra (120).png,equatorial_circular
/media/jczars/4C22F02A22F01B22/Ensembler_pollen_classification/BD/BI_5/labels//equatorial_circular/1.Thymbra (122).png,equatorial_circular
/media/jczars/4C22F02A22F01B22/Ensembler_pollen_classification/BD/BI_5/labels//equatorial_circular/1.Thymbra (129).png,equatorial_circular
/media/jczars/4C22F02A22F01B22/Ensembler_pollen_classification/BD/BI_5/labels//equatorial_circular/1.Thymbra (140).png,equatorial_circular
/media/jczars/4C22F02A22F01B22/Ensembler_pollen_classification/BD/BI_5/labels//equatorial_circular/1.Thymbra (24).png,equatorial_circular
/media/jczars/4C22F02A22F01B22/Ensembler_pollen_classification/BD/BI_5/labels//equatorial_circular/1.Thymbra (34).png,equatorial_circular
/media/jczars/4C22F02A22F01B22/Ensembler_pollen_classification/BD/BI_5/labels//equatorial_circular/1.Thymbra (38).png,equatorial_circular
/media/jczars/4C22F02A22F01B22/Ensembler_pollen_classification/BD/BI_5/labels//equatorial_circular/1.Thymbra (39).png,equatorial_circular
/media/jczars/4C22F02A22F01B22/Ensembler_pollen_classification/BD/BI_5/labels//equatorial_circular/1.Thymbra (40).png,equatorial_circular
/media/jczars/4C22F02A22F01B22/Ensembler_pollen_classification/BD/BI_5/labels//equatorial_circular/1.Thymbra (43).png,equatorial_circular
/media/jczars/4C22F02A22F01B22/Ensembler_pollen_classification/BD/BI_5/labels//equatorial_circular/1.Thymbra (44).png,equatorial_circular
/media/jczars/4C22F02A22F01B22/Ensembler_pollen_classification/BD/BI_5/labels//equatorial_circular/1.Thymbra (46).png,equatorial_circular
/media/jczars/4C22F02A22F01B22/Ensembler_pollen_classification/BD/BI_5/labels//equatorial_circular/1.Thymbra (47).png,equatorial_circular
/media/jczars/4C22F02A22F01B22/Ensembler_pollen_classification/BD/BI_5/labels//equatorial_circular/1.Thymbra (48).png,equatorial_circular
/media/jczars/4C22F02A22F01B22/Ensembler_pollen_classification/BD/BI_5/labels//equatorial_circular/1.Thymbra (49).png,equatorial_circular
/media/jczars/4C22F02A22F01B22/Ensembler_pollen_classification/BD/BI_5/labels//equatorial_circular/1.Thymbra (55).png,equatorial_circular
/media/jczars/4C22F02A22F01B22/Ensembler_pollen_classification/BD/BI_5/labels//equatorial_circular/1.Thymbra (58).png,equatorial_circular
/media/jczars/4C22F02A22F01B22/Ensembler_pollen_classification/BD/BI_5/labels//equatorial_circular/1.Thymbra (59).png,equatorial_circular
/media/jczars/4C22F02A22F01B22/Ensembler_pollen_classification/BD/BI_5/labels//equatorial_circular/1.Thymbra (60).png,equatorial_circular
/media/jczars/4C22F02A22F01B22/Ensembler_pollen_classification/BD/BI_5/labels//equatorial_circular/1.Thymbra (79).png,equatorial_circular
/media/jczars/4C22F02A22F01B22/Ensembler_pollen_classification/BD/BI_5/labels//equatorial_circular/1.Thymbra (82).png,equatorial_circular
/media/jczars/4C22F02A22F01B22/Ensembler_pollen_classification/BD/BI_5/labels//equatorial_circular/1.Thymbra (83).png,equatorial_circular
/media/jczars/4C22F02A22F01B22/Ensembler_pollen_classification/BD/BI_5/labels//equatorial_circular/1.Thymbra (89).png,equatorial_circular
/media/jczars/4C22F02A22F01B22/Ensembler_pollen_classification/BD/BI_5/labels//equatorial_circular/1.Thymbra (90).png,equatorial_circular
/media/jczars/4C22F02A22F01B22/Ensembler_pollen_classification/BD/BI_5/labels//equatorial_circular/1.Thymbra (95).png,equatorial_circular
/media/jczars/4C22F02A22F01B22/Ensembler_pollen_classification/BD/BI_5/labels//equatorial_circular/10.Satureja (10).png,equatorial_circular
/media/jczars/4C22F02A22F01B22/Ensembler_pollen_classification/BD/BI_5/labels//equatorial_circular/10.Satureja (11).png,equatorial_circular
/media/jczars/4C22F02A22F01B22/Ensembler_pollen_classification/BD/BI_5/labels//equatorial_circular/10.Satureja (12).png,equatorial_circular
/media/jczars/4C22F02A22F01B22/Ensembler_pollen_classification/BD/BI_5/labels//equatorial_circular/10.Satureja (16).png,equatorial_circular
/media/jczars/4C22F02A22F01B22/Ensembler_pollen_classification/BD/BI_5/labels//equatorial_circular/10.Satureja (18).png,equatorial_circular
/media/jczars/4C22F02A22F01B22/Ensembler_pollen_classification/BD/BI_5/labels//equatorial_circular/10.Satureja (19).png,equatorial_circular
/media/jczars/4C22F02A22F01B22/Ensembler_pollen_classification/BD/BI_5/labels//equatorial_circular/10.Satureja (20).png,equatorial_circular
/media/jczars/4C22F02A22F01B22/Ensembler_pollen_classification/BD/BI_5/labels//equatorial_circular/10.Satureja (23).png,equatorial_circular
/media/jczars/4C22F02A22F01B22/Ensembler_pollen_classification/BD/BI_5/labels//equatorial_circular/10.Satureja (24).png,equatorial_circular
/media/jczars/4C22F02A22F01B22/Ensembler_pollen_classification/BD/BI_5/labels//equatorial_circular/10.Satureja (25).png,equatorial_circular
/media/jczars/4C22F02A22F01B22/Ensembler_pollen_classification/BD/BI_5/labels//equatorial_circular/10.Satureja (26).png,equatorial_circular
/media/jczars/4C22F02A22F01B22/Ensembler_pollen_classification/BD/BI_5/labels//equatorial_circular/10.Satureja (31).png,equatorial_circular
/media/jczars/4C22F02A22F01B22/Ensembler_pollen_classification/BD/BI_5/labels//equatorial_circular/10.Satureja (32).png,equatorial_circular
/media/jczars/4C22F02A22F01B22/Ensembler_pollen_classification/BD/BI_5/labels//equatorial_circular/10.Satureja (35).png,equatorial_circular
/media/jczars/4C22F02A22F01B22/Ensembler_pollen_classification/BD/BI_5/labels//equatorial_circular/10.Satureja (39).png,equatorial_circular
/media/jczars/4C22F02A22F01B22/Ensembler_pollen_classification/BD/BI_5/labels//equatorial_circular/10.Satureja (42).png,equatorial_circular
/media/jczars/4C22F02A22F01B22/Ensembler_pollen_classification/BD/BI_5/labels//equatorial_circular/10.Satureja (45).png,equatorial_circular
/media/jczars/4C22F02A22F01B22/Ensembler_pollen_classification/BD/BI_5/labels//equatorial_circular/10.Satureja (5).png,equatorial_circular
/media/jczars/4C22F02A22F01B22/Ensembler_pollen_classification/BD/BI_5/labels//equatorial_circular/10.Satureja (51).png,equatorial_circular
/media/jczars/4C22F02A22F01B22/Ensembler_pollen_classification/BD/BI_5/labels//equatorial_circular/10.Satureja (53).png,equatorial_circular
/media/jczars/4C22F02A22F01B22/Ensembler_pollen_classification/BD/BI_5/labels//equatorial_circular/10.Satureja (54).png,equatorial_circular
/media/jczars/4C22F02A22F01B22/Ensembler_pollen_classification/BD/BI_5/labels//equatorial_circular/10.Satureja (55).png,equatorial_circular
/media/jczars/4C22F02A22F01B22/Ensembler_pollen_classification/BD/BI_5/labels//equatorial_circular/10.Satureja (58).png,equatorial_circular
/media/jczars/4C22F02A22F01B22/Ensembler_pollen_classification/BD/BI_5/labels//equatorial_circular/10.Satureja (64).png,equatorial_circular
/media/jczars/4C22F02A22F01B22/Ensembler_pollen_classification/BD/BI_5/labels//equatorial_circular/10.Satureja (65).png,equatorial_circular
/media/jczars/4C22F02A22F01B22/Ensembler_pollen_classification/BD/BI_5/labels//equatorial_circular/10.Satureja (66).png,equatorial_circular
/media/jczars/4C22F02A22F01B22/Ensembler_pollen_classification/BD/BI_5/labels//equatorial_circular/10.Satureja (67).png,equatorial_circular
/media/jczars/4C22F02A22F01B22/Ensembler_pollen_classification/BD/BI_5/labels//equatorial_circular/10.Satureja (70).png,equatorial_circular
/media/jczars/4C22F02A22F01B22/Ensembler_pollen_classification/BD/BI_5/labels//equatorial_circular/13.Salvia (10).png,equatorial_circular
/media/jczars/4C22F02A22F01B22/Ensembler_pollen_classification/BD/BI_5/labels//equatorial_circular/13.Salvia (102).png,equatorial_circular
/media/jczars/4C22F02A22F01B22/Ensembler_pollen_classification/BD/BI_5/labels//equatorial_circular/13.Salvia (103).png,equatorial_circular
/media/jczars/4C22F02A22F01B22/Ensembler_pollen_classification/BD/BI_5/labels//equatorial_circular/13.Salvia (106).png,equatorial_circular
/media/jczars/4C22F02A22F01B22/Ensembler_pollen_classification/BD/BI_5/labels//equatorial_circular/13.Salvia (107).png,equatorial_circular
/media/jczars/4C22F02A22F01B22/Ensembler_pollen_classification/BD/BI_5/labels//equatorial_circular/13.Salvia (116).png,equatorial_circular
/media/jczars/4C22F02A22F01B22/Ensembler_pollen_classification/BD/BI_5/labels//equatorial_circular/13.Salvia (117).png,equatorial_circular
/media/jczars/4C22F02A22F01B22/Ensembler_pollen_classification/BD/BI_5/labels//equatorial_circular/13.Salvia (124).png,equatorial_circular
/media/jczars/4C22F02A22F01B22/Ensembler_pollen_classification/BD/BI_5/labels//equatorial_circular/13.Salvia (133).png,equatorial_circular
/media/jczars/4C22F02A22F01B22/Ensembler_pollen_classification/BD/BI_5/labels//equatorial_circular/13.Salvia (137).png,equatorial_circular
/media/jczars/4C22F02A22F01B22/Ensembler_pollen_classification/BD/BI_5/labels//equatorial_circular/13.Salvia (140).png,equatorial_circular
/media/jczars/4C22F02A22F01B22/Ensembler_pollen_classification/BD/BI_5/labels//equatorial_circular/1.Thymbra (57).png,equatorial_circular
/media/jczars/4C22F02A22F01B22/Ensembler_pollen_classification/BD/BI_5/labels//equatorial_circular/10.Satureja (22).png,equatorial_circular
/media/jczars/4C22F02A22F01B22/Ensembler_pollen_classification/BD/BI_5/labels//equatorial_circular/10.Satureja (59).png,equatorial_circular
/media/jczars/4C22F02A22F01B22/Ensembler_pollen_classification/BD/BI_5/labels//equatorial_circular/13.Salvia (147).png,equatorial_circular
/media/jczars/4C22F02A22F01B22/Ensembler_pollen_classification/BD/BI_5/labels//equatorial_circular/13.Salvia (77).png,equatorial_circular
/media/jczars/4C22F02A22F01B22/Ensembler_pollen_classification/BD/BI_5/labels//equatorial_circular/14.Sinapis (21).png,equatorial_circular
/media/jczars/4C22F02A22F01B22/Ensembler_pollen_classification/BD/BI_5/labels//equatorial_circular/14.Sinapis (76).png,equatorial_circular
/media/jczars/4C22F02A22F01B22/Ensembler_pollen_classification/BD/BI_5/labels//equatorial_circular/20.Olea (29).png,equatorial_circular
/media/jczars/4C22F02A22F01B22/Ensembler_pollen_classification/BD/BI_5/labels//equatorial_circular/20.Olea (65).png,equatorial_circular
/media/jczars/4C22F02A22F01B22/Ensembler_pollen_classification/BD/BI_5/labels//equatorial_circular/6.Ceratonia (31).png,equatorial_circular
/media/jczars/4C22F02A22F01B22/Ensembler_pollen_classification/BD/BI_5/labels//equatorial_circular/6.Ceratonia (58).png,equatorial_circular
/media/jczars/4C22F02A22F01B22/Ensembler_pollen_classification/BD/BI_5/labels//equatorial_circular/8.Vitis (22).png,equatorial_circular
/media/jczars/4C22F02A22F01B22/Ensembler_pollen_classification/BD/BI_5/labels//equatorial_circular/13.Salvia (148).png,equatorial_circular
/media/jczars/4C22F02A22F01B22/Ensembler_pollen_classification/BD/BI_5/labels//equatorial_circular/13.Salvia (15).png,equatorial_circular
/media/jczars/4C22F02A22F01B22/Ensembler_pollen_classification/BD/BI_5/labels//equatorial_circular/13.Salvia (164).png,equatorial_circular
/media/jczars/4C22F02A22F01B22/Ensembler_pollen_classification/BD/BI_5/labels//equatorial_circular/13.Salvia (165).png,equatorial_circular
/media/jczars/4C22F02A22F01B22/Ensembler_pollen_classification/BD/BI_5/labels//equatorial_circular/13.Salvia (166).png,equatorial_circular
/media/jczars/4C22F02A22F01B22/Ensembler_pollen_classification/BD/BI_5/labels//equatorial_circular/13.Salvia (24).png,equatorial_circular
/media/jczars/4C22F02A22F01B22/Ensembler_pollen_classification/BD/BI_5/labels//equatorial_circular/13.Salvia (3).png,equatorial_circular
/media/jczars/4C22F02A22F01B22/Ensembler_pollen_classification/BD/BI_5/labels//equatorial_circular/13.Salvia (33).png,equatorial_circular
/media/jczars/4C22F02A22F01B22/Ensembler_pollen_classification/BD/BI_5/labels//equatorial_circular/13.Salvia (5).png,equatorial_circular
/media/jczars/4C22F02A22F01B22/Ensembler_pollen_classification/BD/BI_5/labels//equatorial_circular/13.Salvia (64).png,equatorial_circular
/media/jczars/4C22F02A22F01B22/Ensembler_pollen_classification/BD/BI_5/labels//equatorial_circular/13.Salvia (65).png,equatorial_circular
/media/jczars/4C22F02A22F01B22/Ensembler_pollen_classification/BD/BI_5/labels//equatorial_circular/13.Salvia (66).png,equatorial_circular
/media/jczars/4C22F02A22F01B22/Ensembler_pollen_classification/BD/BI_5/labels//equatorial_circular/13.Salvia (69).png,equatorial_circular
/media/jczars/4C22F02A22F01B22/Ensembler_pollen_classification/BD/BI_5/labels//equatorial_circular/13.Salvia (72).png,equatorial_circular
/media/jczars/4C22F02A22F01B22/Ensembler_pollen_classification/BD/BI_5/labels//equatorial_circular/13.Salvia (73).png,equatorial_circular
/media/jczars/4C22F02A22F01B22/Ensembler_pollen_classification/BD/BI_5/labels//equatorial_circular/13.Salvia (74).png,equatorial_circular
/media/jczars/4C22F02A22F01B22/Ensembler_pollen_classification/BD/BI_5/labels//equatorial_circular/13.Salvia (79).png,equatorial_circular
/media/jczars/4C22F02A22F01B22/Ensembler_pollen_classification/BD/BI_5/labels//equatorial_circular/13.Salvia (8).png,equatorial_circular
/media/jczars/4C22F02A22F01B22/Ensembler_pollen_classification/BD/BI_5/labels//equatorial_circular/13.Salvia (89).png,equatorial_circular
/media/jczars/4C22F02A22F01B22/Ensembler_pollen_classification/BD/BI_5/labels//equatorial_circular/13.Salvia (9).png,equatorial_circular
/media/jczars/4C22F02A22F01B22/Ensembler_pollen_classification/BD/BI_5/labels//equatorial_circular/13.Salvia (91).png,equatorial_circular
/media/jczars/4C22F02A22F01B22/Ensembler_pollen_classification/BD/BI_5/labels//equatorial_circular/13.Salvia (99).png,equatorial_circular
/media/jczars/4C22F02A22F01B22/Ensembler_pollen_classification/BD/BI_5/labels//equatorial_circular/14.Sinapis (1).png,equatorial_circular
/media/jczars/4C22F02A22F01B22/Ensembler_pollen_classification/BD/BI_5/labels//equatorial_circular/14.Sinapis (10).png,equatorial_circular
/media/jczars/4C22F02A22F01B22/Ensembler_pollen_classification/BD/BI_5/labels//equatorial_circular/14.Sinapis (11).png,equatorial_circular
/media/jczars/4C22F02A22F01B22/Ensembler_pollen_classification/BD/BI_5/labels//equatorial_circular/14.Sinapis (12).png,equatorial_circular
/media/jczars/4C22F02A22F01B22/Ensembler_pollen_classification/BD/BI_5/labels//equatorial_circular/14.Sinapis (13).png,equatorial_circular
/media/jczars/4C22F02A22F01B22/Ensembler_pollen_classification/BD/BI_5/labels//equatorial_circular/14.Sinapis (14).png,equatorial_circular
/media/jczars/4C22F02A22F01B22/Ensembler_pollen_classification/BD/BI_5/labels//equatorial_circular/14.Sinapis (15).png,equatorial_circular
/media/jczars/4C22F02A22F01B22/Ensembler_pollen_classification/BD/BI_5/labels//equatorial_circular/14.Sinapis (17).png,equatorial_circular
/media/jczars/4C22F02A22F01B22/Ensembler_pollen_classification/BD/BI_5/labels//equatorial_circular/14.Sinapis (19).png,equatorial_circular
/media/jczars/4C22F02A22F01B22/Ensembler_pollen_classification/BD/BI_5/labels//equatorial_circular/14.Sinapis (2).png,equatorial_circular
/media/jczars/4C22F02A22F01B22/Ensembler_pollen_classification/BD/BI_5/labels//equatorial_circular/14.Sinapis (23).png,equatorial_circular
/media/jczars/4C22F02A22F01B22/Ensembler_pollen_classification/BD/BI_5/labels//equatorial_circular/14.Sinapis (24).png,equatorial_circular
/media/jczars/4C22F02A22F01B22/Ensembler_pollen_classification/BD/BI_5/labels//equatorial_circular/14.Sinapis (26).png,equatorial_circular
/media/jczars/4C22F02A22F01B22/Ensembler_pollen_classification/BD/BI_5/labels//equatorial_circular/14.Sinapis (27).png,equatorial_circular
/media/jczars/4C22F02A22F01B22/Ensembler_pollen_classification/BD/BI_5/labels//equatorial_circular/14.Sinapis (3).png,equatorial_circular
/media/jczars/4C22F02A22F01B22/Ensembler_pollen_classification/BD/BI_5/labels//equatorial_circular/14.Sinapis (31).png,equatorial_circular
/media/jczars/4C22F02A22F01B22/Ensembler_pollen_classification/BD/BI_5/labels//equatorial_circular/14.Sinapis (40).png,equatorial_circular
/media/jczars/4C22F02A22F01B22/Ensembler_pollen_classification/BD/BI_5/labels//equatorial_circular/14.Sinapis (42).png,equatorial_circular
/media/jczars/4C22F02A22F01B22/Ensembler_pollen_classification/BD/BI_5/labels//equatorial_circular/14.Sinapis (48).png,equatorial_circular
/media/jczars/4C22F02A22F01B22/Ensembler_pollen_classification/BD/BI_5/labels//equatorial_circular/14.Sinapis (50).png,equatorial_circular
/media/jczars/4C22F02A22F01B22/Ensembler_pollen_classification/BD/BI_5/labels//equatorial_circular/14.Sinapis (54).png,equatorial_circular
/media/jczars/4C22F02A22F01B22/Ensembler_pollen_classification/BD/BI_5/labels//equatorial_circular/14.Sinapis (61).png,equatorial_circular
/media/jczars/4C22F02A22F01B22/Ensembler_pollen_classification/BD/BI_5/labels//equatorial_circular/14.Sinapis (62).png,equatorial_circular
/media/jczars/4C22F02A22F01B22/Ensembler_pollen_classification/BD/BI_5/labels//equatorial_circular/14.Sinapis (73).png,equatorial_circular
/media/jczars/4C22F02A22F01B22/Ensembler_pollen_classification/BD/BI_5/labels//equatorial_circular/14.Sinapis (74).png,equatorial_circular
/media/jczars/4C22F02A22F01B22/Ensembler_pollen_classification/BD/BI_5/labels//equatorial_circular/14.Sinapis (75).png,equatorial_circular
/media/jczars/4C22F02A22F01B22/Ensembler_pollen_classification/BD/BI_5/labels//equatorial_circular/14.Sinapis (77).png,equatorial_circular
/media/jczars/4C22F02A22F01B22/Ensembler_pollen_classification/BD/BI_5/labels//equatorial_circular/14.Sinapis (78).png,equatorial_circular
/media/jczars/4C22F02A22F01B22/Ensembler_pollen_classification/BD/BI_5/labels//equatorial_circular/14.Sinapis (79).png,equatorial_circular
/media/jczars/4C22F02A22F01B22/Ensembler_pollen_classification/BD/BI_5/labels//equatorial_circular/14.Sinapis (8).png,equatorial_circular
/media/jczars/4C22F02A22F01B22/Ensembler_pollen_classification/BD/BI_5/labels//equatorial_circular/14.Sinapis (80).png,equatorial_circular
/media/jczars/4C22F02A22F01B22/Ensembler_pollen_classification/BD/BI_5/labels//equatorial_circular/14.Sinapis (81).png,equatorial_circular
/media/jczars/4C22F02A22F01B22/Ensembler_pollen_classification/BD/BI_5/labels//equatorial_circular/14.Sinapis (84).png,equatorial_circular
/media/jczars/4C22F02A22F01B22/Ensembler_pollen_classification/BD/BI_5/labels//equatorial_circular/20.Olea (1).png,equatorial_circular
/media/jczars/4C22F02A22F01B22/Ensembler_pollen_classification/BD/BI_5/labels//equatorial_circular/20.Olea (10).png,equatorial_circular
/media/jczars/4C22F02A22F01B22/Ensembler_pollen_classification/BD/BI_5/labels//equatorial_circular/20.Olea (11).png,equatorial_circular
/media/jczars/4C22F02A22F01B22/Ensembler_pollen_classification/BD/BI_5/labels//equatorial_circular/20.Olea (19).png,equatorial_circular
/media/jczars/4C22F02A22F01B22/Ensembler_pollen_classification/BD/BI_5/labels//equatorial_circular/20.Olea (2).png,equatorial_circular
/media/jczars/4C22F02A22F01B22/Ensembler_pollen_classification/BD/BI_5/labels//equatorial_circular/20.Olea (20).png,equatorial_circular
/media/jczars/4C22F02A22F01B22/Ensembler_pollen_classification/BD/BI_5/labels//equatorial_circular/20.Olea (21).png,equatorial_circular
/media/jczars/4C22F02A22F01B22/Ensembler_pollen_classification/BD/BI_5/labels//equatorial_circular/20.Olea (25).png,equatorial_circular
/media/jczars/4C22F02A22F01B22/Ensembler_pollen_classification/BD/BI_5/labels//equatorial_circular/20.Olea (28).png,equatorial_circular
/media/jczars/4C22F02A22F01B22/Ensembler_pollen_classification/BD/BI_5/labels//equatorial_circular/20.Olea (3).png,equatorial_circular
/media/jczars/4C22F02A22F01B22/Ensembler_pollen_classification/BD/BI_5/labels//equatorial_circular/20.Olea (30).png,equatorial_circular
/media/jczars/4C22F02A22F01B22/Ensembler_pollen_classification/BD/BI_5/labels//equatorial_circular/20.Olea (32).png,equatorial_circular
/media/jczars/4C22F02A22F01B22/Ensembler_pollen_classification/BD/BI_5/labels//equatorial_circular/20.Olea (33).png,equatorial_circular
/media/jczars/4C22F02A22F01B22/Ensembler_pollen_classification/BD/BI_5/labels//equatorial_circular/20.Olea (36).png,equatorial_circular
/media/jczars/4C22F02A22F01B22/Ensembler_pollen_classification/BD/BI_5/labels//equatorial_circular/20.Olea (4).png,equatorial_circular
/media/jczars/4C22F02A22F01B22/Ensembler_pollen_classification/BD/BI_5/labels//equatorial_circular/20.Olea (43).png,equatorial_circular
/media/jczars/4C22F02A22F01B22/Ensembler_pollen_classification/BD/BI_5/labels//equatorial_circular/20.Olea (44).png,equatorial_circular
/media/jczars/4C22F02A22F01B22/Ensembler_pollen_classification/BD/BI_5/labels//equatorial_circular/20.Olea (45).png,equatorial_circular
/media/jczars/4C22F02A22F01B22/Ensembler_pollen_classification/BD/BI_5/labels//equatorial_circular/20.Olea (46).png,equatorial_circular
/media/jczars/4C22F02A22F01B22/Ensembler_pollen_classification/BD/BI_5/labels//equatorial_circular/20.Olea (49).png,equatorial_circular
/media/jczars/4C22F02A22F01B22/Ensembler_pollen_classification/BD/BI_5/labels//equatorial_circular/20.Olea (5).png,equatorial_circular
/media/jczars/4C22F02A22F01B22/Ensembler_pollen_classification/BD/BI_5/labels//equatorial_circular/20.Olea (56).png,equatorial_circular
/media/jczars/4C22F02A22F01B22/Ensembler_pollen_classification/BD/BI_5/labels//equatorial_circular/20.Olea (59).png,equatorial_circular
/media/jczars/4C22F02A22F01B22/Ensembler_pollen_classification/BD/BI_5/labels//equatorial_circular/20.Olea (6).png,equatorial_circular
/media/jczars/4C22F02A22F01B22/Ensembler_pollen_classification/BD/BI_5/labels//equatorial_circular/20.Olea (63).png,equatorial_circular
/media/jczars/4C22F02A22F01B22/Ensembler_pollen_classification/BD/BI_5/labels//equatorial_circular/20.Olea (7).png,equatorial_circular
/media/jczars/4C22F02A22F01B22/Ensembler_pollen_classification/BD/BI_5/labels//equatorial_circular/20.Olea (70).png,equatorial_circular
/media/jczars/4C22F02A22F01B22/Ensembler_pollen_classification/BD/BI_5/labels//equatorial_circular/20.Olea (71).png,equatorial_circular
/media/jczars/4C22F02A22F01B22/Ensembler_pollen_classification/BD/BI_5/labels//equatorial_circular/20.Olea (72).png,equatorial_circular
/media/jczars/4C22F02A22F01B22/Ensembler_pollen_classification/BD/BI_5/labels//equatorial_circular/20.Olea (76).png,equatorial_circular
/media/jczars/4C22F02A22F01B22/Ensembler_pollen_classification/BD/BI_5/labels//equatorial_circular/20.Olea (8).png,equatorial_circular
/media/jczars/4C22F02A22F01B22/Ensembler_pollen_classification/BD/BI_5/labels//equatorial_circular/20.Olea (80).png,equatorial_circular
/media/jczars/4C22F02A22F01B22/Ensembler_pollen_classification/BD/BI_5/labels//equatorial_circular/20.Olea (84).png,equatorial_circular
/media/jczars/4C22F02A22F01B22/Ensembler_pollen_classification/BD/BI_5/labels//equatorial_circular/6.Ceratonia (12).png,equatorial_circular
/media/jczars/4C22F02A22F01B22/Ensembler_pollen_classification/BD/BI_5/labels//equatorial_circular/6.Ceratonia (21).png,equatorial_circular
/media/jczars/4C22F02A22F01B22/Ensembler_pollen_classification/BD/BI_5/labels//equatorial_circular/6.Ceratonia (22).png,equatorial_circular
/media/jczars/4C22F02A22F01B22/Ensembler_pollen_classification/BD/BI_5/labels//equatorial_circular/6.Ceratonia (23).png,equatorial_circular
/media/jczars/4C22F02A22F01B22/Ensembler_pollen_classification/BD/BI_5/labels//equatorial_circular/6.Ceratonia (25).png,equatorial_circular
/media/jczars/4C22F02A22F01B22/Ensembler_pollen_classification/BD/BI_5/labels//equatorial_circular/6.Ceratonia (26).png,equatorial_circular
/media/jczars/4C22F02A22F01B22/Ensembler_pollen_classification/BD/BI_5/labels//equatorial_circular/6.Ceratonia (27).png,equatorial_circular
/media/jczars/4C22F02A22F01B22/Ensembler_pollen_classification/BD/BI_5/labels//equatorial_circular/6.Ceratonia (28).png,equatorial_circular
/media/jczars/4C22F02A22F01B22/Ensembler_pollen_classification/BD/BI_5/labels//equatorial_circular/6.Ceratonia (34).png,equatorial_circular
/media/jczars/4C22F02A22F01B22/Ensembler_pollen_classification/BD/BI_5/labels//equatorial_circular/6.Ceratonia (35).png,equatorial_circular
/media/jczars/4C22F02A22F01B22/Ensembler_pollen_classification/BD/BI_5/labels//equatorial_circular/6.Ceratonia (37).png,equatorial_circular
/media/jczars/4C22F02A22F01B22/Ensembler_pollen_classification/BD/BI_5/labels//equatorial_circular/6.Ceratonia (40).png,equatorial_circular
/media/jczars/4C22F02A22F01B22/Ensembler_pollen_classification/BD/BI_5/labels//equatorial_circular/6.Ceratonia (41).png,equatorial_circular
/media/jczars/4C22F02A22F01B22/Ensembler_pollen_classification/BD/BI_5/labels//equatorial_circular/6.Ceratonia (42).png,equatorial_circular
/media/jczars/4C22F02A22F01B22/Ensembler_pollen_classification/BD/BI_5/labels//equatorial_circular/6.Ceratonia (44).png,equatorial_circular
/media/jczars/4C22F02A22F01B22/Ensembler_pollen_classification/BD/BI_5/labels//equatorial_circular/6.Ceratonia (45).png,equatorial_circular
/media/jczars/4C22F02A22F01B22/Ensembler_pollen_classification/BD/BI_5/labels//equatorial_circular/6.Ceratonia (46).png,equatorial_circular
/media/jczars/4C22F02A22F01B22/Ensembler_pollen_classification/BD/BI_5/labels//equatorial_circular/6.Ceratonia (47).png,equatorial_circular
/media/jczars/4C22F02A22F01B22/Ensembler_pollen_classification/BD/BI_5/labels//equatorial_circular/6.Ceratonia (49).png,equatorial_circular
/media/jczars/4C22F02A22F01B22/Ensembler_pollen_classification/BD/BI_5/labels//equatorial_circular/6.Ceratonia (50).png,equatorial_circular
/media/jczars/4C22F02A22F01B22/Ensembler_pollen_classification/BD/BI_5/labels//equatorial_circular/6.Ceratonia (52).png,equatorial_circular
/media/jczars/4C22F02A22F01B22/Ensembler_pollen_classification/BD/BI_5/labels//equatorial_circular/6.Ceratonia (53).png,equatorial_circular
/media/jczars/4C22F02A22F01B22/Ensembler_pollen_classification/BD/BI_5/labels//equatorial_circular/6.Ceratonia (54).png,equatorial_circular
/media/jczars/4C22F02A22F01B22/Ensembler_pollen_classification/BD/BI_5/labels//equatorial_circular/6.Ceratonia (6).png,equatorial_circular
/media/jczars/4C22F02A22F01B22/Ensembler_pollen_classification/BD/BI_5/labels//equatorial_circular/6.Ceratonia (60).png,equatorial_circular
/media/jczars/4C22F02A22F01B22/Ensembler_pollen_classification/BD/BI_5/labels//equatorial_circular/6.Ceratonia (63).png,equatorial_circular
/media/jczars/4C22F02A22F01B22/Ensembler_pollen_classification/BD/BI_5/labels//equatorial_circular/6.Ceratonia (65).png,equatorial_circular
/media/jczars/4C22F02A22F01B22/Ensembler_pollen_classification/BD/BI_5/labels//equatorial_circular/6.Ceratonia (69).png,equatorial_circular
/media/jczars/4C22F02A22F01B22/Ensembler_pollen_classification/BD/BI_5/labels//equatorial_circular/6.Ceratonia (70).png,equatorial_circular
/media/jczars/4C22F02A22F01B22/Ensembler_pollen_classification/BD/BI_5/labels//equatorial_circular/6.Ceratonia (71).png,equatorial_circular
/media/jczars/4C22F02A22F01B22/Ensembler_pollen_classification/BD/BI_5/labels//equatorial_circular/6.Ceratonia (72).png,equatorial_circular
/media/jczars/4C22F02A22F01B22/Ensembler_pollen_classification/BD/BI_5/labels//equatorial_circular/6.Ceratonia (85).png,equatorial_circular
/media/jczars/4C22F02A22F01B22/Ensembler_pollen_classification/BD/BI_5/labels//equatorial_circular/6.Ceratonia (9).png,equatorial_circular
/media/jczars/4C22F02A22F01B22/Ensembler_pollen_classification/BD/BI_5/labels//equatorial_circular/8.Vitis (1).png,equatorial_circular
/media/jczars/4C22F02A22F01B22/Ensembler_pollen_classification/BD/BI_5/labels//equatorial_circular/8.Vitis (11).png,equatorial_circular
/media/jczars/4C22F02A22F01B22/Ensembler_pollen_classification/BD/BI_5/labels//equatorial_circular/8.Vitis (13).png,equatorial_circular
/media/jczars/4C22F02A22F01B22/Ensembler_pollen_classification/BD/BI_5/labels//equatorial_circular/8.Vitis (18).png,equatorial_circular
/media/jczars/4C22F02A22F01B22/Ensembler_pollen_classification/BD/BI_5/labels//equatorial_circular/8.Vitis (19).png,equatorial_circular
/media/jczars/4C22F02A22F01B22/Ensembler_pollen_classification/BD/BI_5/labels//equatorial_circular/8.Vitis (20).png,equatorial_circular
/media/jczars/4C22F02A22F01B22/Ensembler_pollen_classification/BD/BI_5/labels//equatorial_circular/8.Vitis (28).png,equatorial_circular
/media/jczars/4C22F02A22F01B22/Ensembler_pollen_classification/BD/BI_5/labels//equatorial_circular/8.Vitis (3).png,equatorial_circular
/media/jczars/4C22F02A22F01B22/Ensembler_pollen_classification/BD/BI_5/labels//equatorial_circular/8.Vitis (30).png,equatorial_circular
/media/jczars/4C22F02A22F01B22/Ensembler_pollen_classification/BD/BI_5/labels//equatorial_circular/8.Vitis (31).png,equatorial_circular
/media/jczars/4C22F02A22F01B22/Ensembler_pollen_classification/BD/BI_5/labels//equatorial_circular/8.Vitis (32).png,equatorial_circular
/media/jczars/4C22F02A22F01B22/Ensembler_pollen_classification/BD/BI_5/labels//equatorial_circular/8.Vitis (34).png,equatorial_circular
/media/jczars/4C22F02A22F01B22/Ensembler_pollen_classification/BD/BI_5/labels//equatorial_circular/8.Vitis (35).png,equatorial_circular
/media/jczars/4C22F02A22F01B22/Ensembler_pollen_classification/BD/BI_5/labels//equatorial_circular/8.Vitis (36).png,equatorial_circular
/media/jczars/4C22F02A22F01B22/Ensembler_pollen_classification/BD/BI_5/labels//equatorial_circular/8.Vitis (37).png,equatorial_circular
/media/jczars/4C22F02A22F01B22/Ensembler_pollen_classification/BD/BI_5/labels//equatorial_circular/8.Vitis (38).png,equatorial_circular
/media/jczars/4C22F02A22F01B22/Ensembler_pollen_classification/BD/BI_5/labels//equatorial_circular/8.Vitis (39).png,equatorial_circular
/media/jczars/4C22F02A22F01B22/Ensembler_pollen_classification/BD/BI_5/labels//equatorial_circular/8.Vitis (4).png,equatorial_circular
/media/jczars/4C22F02A22F01B22/Ensembler_pollen_classification/BD/BI_5/labels//equatorial_circular/8.Vitis (41).png,equatorial_circular
/media/jczars/4C22F02A22F01B22/Ensembler_pollen_classification/BD/BI_5/labels//equatorial_circular/8.Vitis (42).png,equatorial_circular
/media/jczars/4C22F02A22F01B22/Ensembler_pollen_classification/BD/BI_5/labels//equatorial_circular/8.Vitis (49).png,equatorial_circular
/media/jczars/4C22F02A22F01B22/Ensembler_pollen_classification/BD/BI_5/labels//equatorial_circular/8.Vitis (5).png,equatorial_circular
/media/jczars/4C22F02A22F01B22/Ensembler_pollen_classification/BD/BI_5/labels//equatorial_circular/8.Vitis (50).png,equatorial_circular
/media/jczars/4C22F02A22F01B22/Ensembler_pollen_classification/BD/BI_5/labels//equatorial_circular/8.Vitis (51).png,equatorial_circular
/media/jczars/4C22F02A22F01B22/Ensembler_pollen_classification/BD/BI_5/labels//equatorial_circular/8.Vitis (52).png,equatorial_circular
/media/jczars/4C22F02A22F01B22/Ensembler_pollen_classification/BD/BI_5/labels//equatorial_circular/8.Vitis (53).png,equatorial_circular
/media/jczars/4C22F02A22F01B22/Ensembler_pollen_classification/BD/BI_5/labels//equatorial_circular/8.Vitis (58).png,equatorial_circular
/media/jczars/4C22F02A22F01B22/Ensembler_pollen_classification/BD/BI_5/labels//equatorial_circular/8.Vitis (6).png,equatorial_circular
/media/jczars/4C22F02A22F01B22/Ensembler_pollen_classification/BD/BI_5/labels//equatorial_circular/8.Vitis (60).png,equatorial_circular
/media/jczars/4C22F02A22F01B22/Ensembler_pollen_classification/BD/BI_5/labels//equatorial_circular/8.Vitis (61).png,equatorial_circular
/media/jczars/4C22F02A22F01B22/Ensembler_pollen_classification/BD/BI_5/labels//equatorial_circular/8.Vitis (62).png,equatorial_circular
/media/jczars/4C22F02A22F01B22/Ensembler_pollen_classification/BD/BI_5/labels//equatorial_circular/8.Vitis (63).png,equatorial_circular
/media/jczars/4C22F02A22F01B22/Ensembler_pollen_classification/BD/BI_5/labels//equatorial_circular/8.Vitis (7).png,equatorial_circular
/media/jczars/4C22F02A22F01B22/Ensembler_pollen_classification/BD/BI_5/labels//equatorial_circular/8.Vitis (9).png,equatorial_circular
/media/jczars/4C22F02A22F01B22/Ensembler_pollen_classification/BD/BI_5/labels//equatorial_eliptica/7.Urginea (30).png,equatorial_eliptica
/media/jczars/4C22F02A22F01B22/Ensembler_pollen_classification/BD/BI_5/labels//equatorial_eliptica/14.Sinapis (101).png,equatorial_eliptica
/media/jczars/4C22F02A22F01B22/Ensembler_pollen_classification/BD/BI_5/labels//equatorial_eliptica/14.Sinapis (106).png,equatorial_eliptica
/media/jczars/4C22F02A22F01B22/Ensembler_pollen_classification/BD/BI_5/labels//equatorial_eliptica/14.Sinapis (43).png,equatorial_eliptica
/media/jczars/4C22F02A22F01B22/Ensembler_pollen_classification/BD/BI_5/labels//equatorial_eliptica/14.Sinapis (44).png,equatorial_eliptica
/media/jczars/4C22F02A22F01B22/Ensembler_pollen_classification/BD/BI_5/labels//equatorial_eliptica/14.Sinapis (52).png,equatorial_eliptica
/media/jczars/4C22F02A22F01B22/Ensembler_pollen_classification/BD/BI_5/labels//equatorial_eliptica/14.Sinapis (69).png,equatorial_eliptica
/media/jczars/4C22F02A22F01B22/Ensembler_pollen_classification/BD/BI_5/labels//equatorial_eliptica/14.Sinapis (72).png,equatorial_eliptica
/media/jczars/4C22F02A22F01B22/Ensembler_pollen_classification/BD/BI_5/labels//equatorial_eliptica/14.Sinapis (94).png,equatorial_eliptica
/media/jczars/4C22F02A22F01B22/Ensembler_pollen_classification/BD/BI_5/labels//equatorial_eliptica/14.Sinapis (96).png,equatorial_eliptica
/media/jczars/4C22F02A22F01B22/Ensembler_pollen_classification/BD/BI_5/labels//equatorial_eliptica/7.Urginea (10).png,equatorial_eliptica
/media/jczars/4C22F02A22F01B22/Ensembler_pollen_classification/BD/BI_5/labels//equatorial_eliptica/7.Urginea (20).png,equatorial_eliptica
/media/jczars/4C22F02A22F01B22/Ensembler_pollen_classification/BD/BI_5/labels//equatorial_eliptica/7.Urginea (21).png,equatorial_eliptica
/media/jczars/4C22F02A22F01B22/Ensembler_pollen_classification/BD/BI_5/labels//equatorial_eliptica/7.Urginea (22).png,equatorial_eliptica
/media/jczars/4C22F02A22F01B22/Ensembler_pollen_classification/BD/BI_5/labels//equatorial_eliptica/7.Urginea (23).png,equatorial_eliptica
/media/jczars/4C22F02A22F01B22/Ensembler_pollen_classification/BD/BI_5/labels//equatorial_eliptica/7.Urginea (26).png,equatorial_eliptica
/media/jczars/4C22F02A22F01B22/Ensembler_pollen_classification/BD/BI_5/labels//equatorial_eliptica/7.Urginea (27).png,equatorial_eliptica
/media/jczars/4C22F02A22F01B22/Ensembler_pollen_classification/BD/BI_5/labels//equatorial_eliptica/7.Urginea (31).png,equatorial_eliptica
/media/jczars/4C22F02A22F01B22/Ensembler_pollen_classification/BD/BI_5/labels//equatorial_eliptica/7.Urginea (32).png,equatorial_eliptica
/media/jczars/4C22F02A22F01B22/Ensembler_pollen_classification/BD/BI_5/labels//equatorial_eliptica/7.Urginea (33).png,equatorial_eliptica
/media/jczars/4C22F02A22F01B22/Ensembler_pollen_classification/BD/BI_5/labels//equatorial_eliptica/7.Urginea (34).png,equatorial_eliptica
/media/jczars/4C22F02A22F01B22/Ensembler_pollen_classification/BD/BI_5/labels//equatorial_eliptica/7.Urginea (35).png,equatorial_eliptica
/media/jczars/4C22F02A22F01B22/Ensembler_pollen_classification/BD/BI_5/labels//equatorial_eliptica/7.Urginea (36).png,equatorial_eliptica
/media/jczars/4C22F02A22F01B22/Ensembler_pollen_classification/BD/BI_5/labels//equatorial_eliptica/7.Urginea (5).png,equatorial_eliptica
/media/jczars/4C22F02A22F01B22/Ensembler_pollen_classification/BD/BI_5/labels//equatorial_eliptica/7.Urginea (53).png,equatorial_eliptica
/media/jczars/4C22F02A22F01B22/Ensembler_pollen_classification/BD/BI_5/labels//equatorial_eliptica/7.Urginea (57).png,equatorial_eliptica
/media/jczars/4C22F02A22F01B22/Ensembler_pollen_classification/BD/BI_5/labels//equatorial_eliptica/7.Urginea (58).png,equatorial_eliptica
/media/jczars/4C22F02A22F01B22/Ensembler_pollen_classification/BD/BI_5/labels//equatorial_eliptica/7.Urginea (6).png,equatorial_eliptica
/media/jczars/4C22F02A22F01B22/Ensembler_pollen_classification/BD/BI_5/labels//equatorial_eliptica/7.Urginea (64).png,equatorial_eliptica
/media/jczars/4C22F02A22F01B22/Ensembler_pollen_classification/BD/BI_5/labels//equatorial_eliptica/7.Urginea (67).png,equatorial_eliptica
/media/jczars/4C22F02A22F01B22/Ensembler_pollen_classification/BD/BI_5/labels//equatorial_eliptica/7.Urginea (69).png,equatorial_eliptica
/media/jczars/4C22F02A22F01B22/Ensembler_pollen_classification/BD/BI_5/labels//equatorial_eliptica/7.Urginea (7).png,equatorial_eliptica
/media/jczars/4C22F02A22F01B22/Ensembler_pollen_classification/BD/BI_5/labels//equatorial_eliptica/7.Urginea (72).png,equatorial_eliptica
/media/jczars/4C22F02A22F01B22/Ensembler_pollen_classification/BD/BI_5/labels//equatorial_eliptica/7.Urginea (77).png,equatorial_eliptica
/media/jczars/4C22F02A22F01B22/Ensembler_pollen_classification/BD/BI_5/labels//equatorial_eliptica/7.Urginea (78).png,equatorial_eliptica
/media/jczars/4C22F02A22F01B22/Ensembler_pollen_classification/BD/BI_5/labels//equatorial_eliptica/7.Urginea (79).png,equatorial_eliptica
/media/jczars/4C22F02A22F01B22/Ensembler_pollen_classification/BD/BI_5/labels//equatorial_eliptica/7.Urginea (8).png,equatorial_eliptica
/media/jczars/4C22F02A22F01B22/Ensembler_pollen_classification/BD/BI_5/labels//equatorial_eliptica/7.Urginea (80).png,equatorial_eliptica
/media/jczars/4C22F02A22F01B22/Ensembler_pollen_classification/BD/BI_5/labels//equatorial_eliptica/7.Urginea (81).png,equatorial_eliptica
/media/jczars/4C22F02A22F01B22/Ensembler_pollen_classification/BD/BI_5/labels//equatorial_eliptica/7.Urginea (83).png,equatorial_eliptica
/media/jczars/4C22F02A22F01B22/Ensembler_pollen_classification/BD/BI_5/labels//equatorial_eliptica/7.Urginea (84).png,equatorial_eliptica
/media/jczars/4C22F02A22F01B22/Ensembler_pollen_classification/BD/BI_5/labels//equatorial_eliptica/7.Urginea (85).png,equatorial_eliptica
/media/jczars/4C22F02A22F01B22/Ensembler_pollen_classification/BD/BI_5/labels//equatorial_eliptica/7.Urginea (87).png,equatorial_eliptica
/media/jczars/4C22F02A22F01B22/Ensembler_pollen_classification/BD/BI_5/labels//equatorial_eliptica/7.Urginea (88).png,equatorial_eliptica
/media/jczars/4C22F02A22F01B22/Ensembler_pollen_classification/BD/BI_5/labels//polar_circular/1.Thymbra (10).png,polar_circular
/media/jczars/4C22F02A22F01B22/Ensembler_pollen_classification/BD/BI_5/labels//polar_circular/1.Thymbra (11).png,polar_circular
/media/jczars/4C22F02A22F01B22/Ensembler_pollen_classification/BD/BI_5/labels//polar_circular/1.Thymbra (110).png,polar_circular
/media/jczars/4C22F02A22F01B22/Ensembler_pollen_classification/BD/BI_5/labels//polar_circular/1.Thymbra (13).png,polar_circular
/media/jczars/4C22F02A22F01B22/Ensembler_pollen_classification/BD/BI_5/labels//polar_circular/1.Thymbra (18).png,polar_circular
/media/jczars/4C22F02A22F01B22/Ensembler_pollen_classification/BD/BI_5/labels//polar_circular/1.Thymbra (19).png,polar_circular
/media/jczars/4C22F02A22F01B22/Ensembler_pollen_classification/BD/BI_5/labels//polar_circular/1.Thymbra (2).png,polar_circular
/media/jczars/4C22F02A22F01B22/Ensembler_pollen_classification/BD/BI_5/labels//polar_circular/1.Thymbra (20).png,polar_circular
/media/jczars/4C22F02A22F01B22/Ensembler_pollen_classification/BD/BI_5/labels//polar_circular/1.Thymbra (21).png,polar_circular
/media/jczars/4C22F02A22F01B22/Ensembler_pollen_classification/BD/BI_5/labels//polar_circular/1.Thymbra (22).png,polar_circular
/media/jczars/4C22F02A22F01B22/Ensembler_pollen_classification/BD/BI_5/labels//polar_circular/1.Thymbra (25).png,polar_circular
/media/jczars/4C22F02A22F01B22/Ensembler_pollen_classification/BD/BI_5/labels//polar_circular/1.Thymbra (29).png,polar_circular
/media/jczars/4C22F02A22F01B22/Ensembler_pollen_classification/BD/BI_5/labels//polar_circular/1.Thymbra (3).png,polar_circular
/media/jczars/4C22F02A22F01B22/Ensembler_pollen_classification/BD/BI_5/labels//polar_circular/1.Thymbra (30).png,polar_circular
/media/jczars/4C22F02A22F01B22/Ensembler_pollen_classification/BD/BI_5/labels//polar_circular/1.Thymbra (32).png,polar_circular
/media/jczars/4C22F02A22F01B22/Ensembler_pollen_classification/BD/BI_5/labels//polar_circular/1.Thymbra (33).png,polar_circular
/media/jczars/4C22F02A22F01B22/Ensembler_pollen_classification/BD/BI_5/labels//polar_circular/1.Thymbra (37).png,polar_circular
/media/jczars/4C22F02A22F01B22/Ensembler_pollen_classification/BD/BI_5/labels//polar_circular/1.Thymbra (4).png,polar_circular
/media/jczars/4C22F02A22F01B22/Ensembler_pollen_classification/BD/BI_5/labels//polar_circular/1.Thymbra (41).png,polar_circular
/media/jczars/4C22F02A22F01B22/Ensembler_pollen_classification/BD/BI_5/labels//polar_circular/1.Thymbra (5).png,polar_circular
/media/jczars/4C22F02A22F01B22/Ensembler_pollen_classification/BD/BI_5/labels//polar_circular/1.Thymbra (53).png,polar_circular
/media/jczars/4C22F02A22F01B22/Ensembler_pollen_classification/BD/BI_5/labels//polar_circular/1.Thymbra (64).png,polar_circular
/media/jczars/4C22F02A22F01B22/Ensembler_pollen_classification/BD/BI_5/labels//polar_circular/1.Thymbra (65).png,polar_circular
/media/jczars/4C22F02A22F01B22/Ensembler_pollen_classification/BD/BI_5/labels//polar_circular/1.Thymbra (66).png,polar_circular
/media/jczars/4C22F02A22F01B22/Ensembler_pollen_classification/BD/BI_5/labels//polar_circular/1.Thymbra (67).png,polar_circular
/media/jczars/4C22F02A22F01B22/Ensembler_pollen_classification/BD/BI_5/labels//polar_circular/1.Thymbra (69).png,polar_circular
/media/jczars/4C22F02A22F01B22/Ensembler_pollen_classification/BD/BI_5/labels//polar_circular/1.Thymbra (7).png,polar_circular
/media/jczars/4C22F02A22F01B22/Ensembler_pollen_classification/BD/BI_5/labels//polar_circular/1.Thymbra (70).png,polar_circular
/media/jczars/4C22F02A22F01B22/Ensembler_pollen_classification/BD/BI_5/labels//polar_circular/1.Thymbra (71).png,polar_circular
/media/jczars/4C22F02A22F01B22/Ensembler_pollen_classification/BD/BI_5/labels//polar_circular/1.Thymbra (72).png,polar_circular
/media/jczars/4C22F02A22F01B22/Ensembler_pollen_classification/BD/BI_5/labels//polar_circular/1.Thymbra (8).png,polar_circular
/media/jczars/4C22F02A22F01B22/Ensembler_pollen_classification/BD/BI_5/labels//polar_circular/1.Thymbra (80).png,polar_circular
/media/jczars/4C22F02A22F01B22/Ensembler_pollen_classification/BD/BI_5/labels//polar_circular/1.Thymbra (9).png,polar_circular
/media/jczars/4C22F02A22F01B22/Ensembler_pollen_classification/BD/BI_5/labels//polar_circular/10.Satureja (1).png,polar_circular
/media/jczars/4C22F02A22F01B22/Ensembler_pollen_classification/BD/BI_5/labels//polar_circular/10.Satureja (15).png,polar_circular
/media/jczars/4C22F02A22F01B22/Ensembler_pollen_classification/BD/BI_5/labels//polar_circular/10.Satureja (17).png,polar_circular
/media/jczars/4C22F02A22F01B22/Ensembler_pollen_classification/BD/BI_5/labels//polar_circular/10.Satureja (2).png,polar_circular
/media/jczars/4C22F02A22F01B22/Ensembler_pollen_classification/BD/BI_5/labels//polar_circular/10.Satureja (27).png,polar_circular
/media/jczars/4C22F02A22F01B22/Ensembler_pollen_classification/BD/BI_5/labels//polar_circular/10.Satureja (28).png,polar_circular
/media/jczars/4C22F02A22F01B22/Ensembler_pollen_classification/BD/BI_5/labels//polar_circular/10.Satureja (3).png,polar_circular
/media/jczars/4C22F02A22F01B22/Ensembler_pollen_classification/BD/BI_5/labels//polar_circular/10.Satureja (30).png,polar_circular
/media/jczars/4C22F02A22F01B22/Ensembler_pollen_classification/BD/BI_5/labels//polar_circular/10.Satureja (33).png,polar_circular
/media/jczars/4C22F02A22F01B22/Ensembler_pollen_classification/BD/BI_5/labels//polar_circular/10.Satureja (34).png,polar_circular
/media/jczars/4C22F02A22F01B22/Ensembler_pollen_classification/BD/BI_5/labels//polar_circular/10.Satureja (37).png,polar_circular
/media/jczars/4C22F02A22F01B22/Ensembler_pollen_classification/BD/BI_5/labels//polar_circular/10.Satureja (38).png,polar_circular
/media/jczars/4C22F02A22F01B22/Ensembler_pollen_classification/BD/BI_5/labels//polar_circular/10.Satureja (4).png,polar_circular
/media/jczars/4C22F02A22F01B22/Ensembler_pollen_classification/BD/BI_5/labels//polar_circular/10.Satureja (40).png,polar_circular
/media/jczars/4C22F02A22F01B22/Ensembler_pollen_classification/BD/BI_5/labels//polar_circular/10.Satureja (41).png,polar_circular
/media/jczars/4C22F02A22F01B22/Ensembler_pollen_classification/BD/BI_5/labels//polar_circular/10.Satureja (48).png,polar_circular
/media/jczars/4C22F02A22F01B22/Ensembler_pollen_classification/BD/BI_5/labels//polar_circular/10.Satureja (49).png,polar_circular
/media/jczars/4C22F02A22F01B22/Ensembler_pollen_classification/BD/BI_5/labels//polar_circular/10.Satureja (50).png,polar_circular
/media/jczars/4C22F02A22F01B22/Ensembler_pollen_classification/BD/BI_5/labels//polar_circular/10.Satureja (56).png,polar_circular
/media/jczars/4C22F02A22F01B22/Ensembler_pollen_classification/BD/BI_5/labels//polar_circular/10.Satureja (57).png,polar_circular
/media/jczars/4C22F02A22F01B22/Ensembler_pollen_classification/BD/BI_5/labels//polar_circular/10.Satureja (6).png,polar_circular
/media/jczars/4C22F02A22F01B22/Ensembler_pollen_classification/BD/BI_5/labels//polar_circular/10.Satureja (60).png,polar_circular
/media/jczars/4C22F02A22F01B22/Ensembler_pollen_classification/BD/BI_5/labels//polar_circular/10.Satureja (62).png,polar_circular
/media/jczars/4C22F02A22F01B22/Ensembler_pollen_classification/BD/BI_5/labels//polar_circular/10.Satureja (63).png,polar_circular
/media/jczars/4C22F02A22F01B22/Ensembler_pollen_classification/BD/BI_5/labels//polar_circular/10.Satureja (68).png,polar_circular
/media/jczars/4C22F02A22F01B22/Ensembler_pollen_classification/BD/BI_5/labels//polar_circular/10.Satureja (7).png,polar_circular
/media/jczars/4C22F02A22F01B22/Ensembler_pollen_classification/BD/BI_5/labels//polar_circular/10.Satureja (71).png,polar_circular
/media/jczars/4C22F02A22F01B22/Ensembler_pollen_classification/BD/BI_5/labels//polar_circular/10.Satureja (8).png,polar_circular
/media/jczars/4C22F02A22F01B22/Ensembler_pollen_classification/BD/BI_5/labels//polar_circular/10.Satureja (9).png,polar_circular
/media/jczars/4C22F02A22F01B22/Ensembler_pollen_classification/BD/BI_5/labels//polar_circular/13.Salvia (112).png,polar_circular
/media/jczars/4C22F02A22F01B22/Ensembler_pollen_classification/BD/BI_5/labels//polar_circular/13.Salvia (115).png,polar_circular
/media/jczars/4C22F02A22F01B22/Ensembler_pollen_classification/BD/BI_5/labels//polar_circular/1.Thymbra (36).png,polar_circular
/media/jczars/4C22F02A22F01B22/Ensembler_pollen_classification/BD/BI_5/labels//polar_circular/1.Thymbra (87).png,polar_circular
/media/jczars/4C22F02A22F01B22/Ensembler_pollen_classification/BD/BI_5/labels//polar_circular/10.Satureja (46).png,polar_circular
/media/jczars/4C22F02A22F01B22/Ensembler_pollen_classification/BD/BI_5/labels//polar_circular/13.Salvia (118).png,polar_circular
/media/jczars/4C22F02A22F01B22/Ensembler_pollen_classification/BD/BI_5/labels//polar_circular/13.Salvia (70).png,polar_circular
/media/jczars/4C22F02A22F01B22/Ensembler_pollen_classification/BD/BI_5/labels//polar_circular/17.Oxalis (35).png,polar_circular
/media/jczars/4C22F02A22F01B22/Ensembler_pollen_classification/BD/BI_5/labels//polar_circular/9.Origanum (11).png,polar_circular
/media/jczars/4C22F02A22F01B22/Ensembler_pollen_classification/BD/BI_5/labels//polar_circular/13.Salvia (12).png,polar_circular
/media/jczars/4C22F02A22F01B22/Ensembler_pollen_classification/BD/BI_5/labels//polar_circular/13.Salvia (120).png,polar_circular
/media/jczars/4C22F02A22F01B22/Ensembler_pollen_classification/BD/BI_5/labels//polar_circular/13.Salvia (126).png,polar_circular
/media/jczars/4C22F02A22F01B22/Ensembler_pollen_classification/BD/BI_5/labels//polar_circular/13.Salvia (151).png,polar_circular
/media/jczars/4C22F02A22F01B22/Ensembler_pollen_classification/BD/BI_5/labels//polar_circular/13.Salvia (153).png,polar_circular
/media/jczars/4C22F02A22F01B22/Ensembler_pollen_classification/BD/BI_5/labels//polar_circular/13.Salvia (158).png,polar_circular
/media/jczars/4C22F02A22F01B22/Ensembler_pollen_classification/BD/BI_5/labels//polar_circular/13.Salvia (17).png,polar_circular
/media/jczars/4C22F02A22F01B22/Ensembler_pollen_classification/BD/BI_5/labels//polar_circular/13.Salvia (2).png,polar_circular
/media/jczars/4C22F02A22F01B22/Ensembler_pollen_classification/BD/BI_5/labels//polar_circular/13.Salvia (25).png,polar_circular
/media/jczars/4C22F02A22F01B22/Ensembler_pollen_classification/BD/BI_5/labels//polar_circular/13.Salvia (26).png,polar_circular
/media/jczars/4C22F02A22F01B22/Ensembler_pollen_classification/BD/BI_5/labels//polar_circular/13.Salvia (29).png,polar_circular
/media/jczars/4C22F02A22F01B22/Ensembler_pollen_classification/BD/BI_5/labels//polar_circular/13.Salvia (32).png,polar_circular
/media/jczars/4C22F02A22F01B22/Ensembler_pollen_classification/BD/BI_5/labels//polar_circular/13.Salvia (52).png,polar_circular
/media/jczars/4C22F02A22F01B22/Ensembler_pollen_classification/BD/BI_5/labels//polar_circular/13.Salvia (56).png,polar_circular
/media/jczars/4C22F02A22F01B22/Ensembler_pollen_classification/BD/BI_5/labels//polar_circular/13.Salvia (63).png,polar_circular
/media/jczars/4C22F02A22F01B22/Ensembler_pollen_classification/BD/BI_5/labels//polar_circular/13.Salvia (7).png,polar_circular
/media/jczars/4C22F02A22F01B22/Ensembler_pollen_classification/BD/BI_5/labels//polar_circular/13.Salvia (71).png,polar_circular
/media/jczars/4C22F02A22F01B22/Ensembler_pollen_classification/BD/BI_5/labels//polar_circular/13.Salvia (78).png,polar_circular
/media/jczars/4C22F02A22F01B22/Ensembler_pollen_classification/BD/BI_5/labels//polar_circular/13.Salvia (81).png,polar_circular
/media/jczars/4C22F02A22F01B22/Ensembler_pollen_classification/BD/BI_5/labels//polar_circular/13.Salvia (83).png,polar_circular
/media/jczars/4C22F02A22F01B22/Ensembler_pollen_classification/BD/BI_5/labels//polar_circular/13.Salvia (88).png,polar_circular
/media/jczars/4C22F02A22F01B22/Ensembler_pollen_classification/BD/BI_5/labels//polar_circular/17.Oxalis (1).png,polar_circular
/media/jczars/4C22F02A22F01B22/Ensembler_pollen_classification/BD/BI_5/labels//polar_circular/17.Oxalis (117).png,polar_circular
/media/jczars/4C22F02A22F01B22/Ensembler_pollen_classification/BD/BI_5/labels//polar_circular/17.Oxalis (121).png,polar_circular
/media/jczars/4C22F02A22F01B22/Ensembler_pollen_classification/BD/BI_5/labels//polar_circular/17.Oxalis (126).png,polar_circular
/media/jczars/4C22F02A22F01B22/Ensembler_pollen_classification/BD/BI_5/labels//polar_circular/17.Oxalis (133).png,polar_circular
/media/jczars/4C22F02A22F01B22/Ensembler_pollen_classification/BD/BI_5/labels//polar_circular/17.Oxalis (135).png,polar_circular
/media/jczars/4C22F02A22F01B22/Ensembler_pollen_classification/BD/BI_5/labels//polar_circular/17.Oxalis (14).png,polar_circular
/media/jczars/4C22F02A22F01B22/Ensembler_pollen_classification/BD/BI_5/labels//polar_circular/17.Oxalis (16).png,polar_circular
/media/jczars/4C22F02A22F01B22/Ensembler_pollen_classification/BD/BI_5/labels//polar_circular/17.Oxalis (27).png,polar_circular
/media/jczars/4C22F02A22F01B22/Ensembler_pollen_classification/BD/BI_5/labels//polar_circular/17.Oxalis (29).png,polar_circular
/media/jczars/4C22F02A22F01B22/Ensembler_pollen_classification/BD/BI_5/labels//polar_circular/17.Oxalis (34).png,polar_circular
/media/jczars/4C22F02A22F01B22/Ensembler_pollen_classification/BD/BI_5/labels//polar_circular/17.Oxalis (36).png,polar_circular
/media/jczars/4C22F02A22F01B22/Ensembler_pollen_classification/BD/BI_5/labels//polar_circular/17.Oxalis (42).png,polar_circular
/media/jczars/4C22F02A22F01B22/Ensembler_pollen_classification/BD/BI_5/labels//polar_circular/17.Oxalis (44).png,polar_circular
/media/jczars/4C22F02A22F01B22/Ensembler_pollen_classification/BD/BI_5/labels//polar_circular/17.Oxalis (51).png,polar_circular
/media/jczars/4C22F02A22F01B22/Ensembler_pollen_classification/BD/BI_5/labels//polar_circular/17.Oxalis (59).png,polar_circular
/media/jczars/4C22F02A22F01B22/Ensembler_pollen_classification/BD/BI_5/labels//polar_circular/17.Oxalis (62).png,polar_circular
/media/jczars/4C22F02A22F01B22/Ensembler_pollen_classification/BD/BI_5/labels//polar_circular/17.Oxalis (64).png,polar_circular
/media/jczars/4C22F02A22F01B22/Ensembler_pollen_classification/BD/BI_5/labels//polar_circular/17.Oxalis (71).png,polar_circular
/media/jczars/4C22F02A22F01B22/Ensembler_pollen_classification/BD/BI_5/labels//polar_circular/17.Oxalis (84).png,polar_circular
/media/jczars/4C22F02A22F01B22/Ensembler_pollen_classification/BD/BI_5/labels//polar_circular/17.Oxalis (85).png,polar_circular
/media/jczars/4C22F02A22F01B22/Ensembler_pollen_classification/BD/BI_5/labels//polar_circular/17.Oxalis (86).png,polar_circular
/media/jczars/4C22F02A22F01B22/Ensembler_pollen_classification/BD/BI_5/labels//polar_circular/17.Oxalis (9).png,polar_circular
/media/jczars/4C22F02A22F01B22/Ensembler_pollen_classification/BD/BI_5/labels//polar_circular/17.Oxalis (96).png,polar_circular
/media/jczars/4C22F02A22F01B22/Ensembler_pollen_classification/BD/BI_5/labels//polar_circular/9.Origanum (104).png,polar_circular
/media/jczars/4C22F02A22F01B22/Ensembler_pollen_classification/BD/BI_5/labels//polar_circular/9.Origanum (105).png,polar_circular
/media/jczars/4C22F02A22F01B22/Ensembler_pollen_classification/BD/BI_5/labels//polar_circular/9.Origanum (106).png,polar_circular
/media/jczars/4C22F02A22F01B22/Ensembler_pollen_classification/BD/BI_5/labels//polar_circular/9.Origanum (110).png,polar_circular
/media/jczars/4C22F02A22F01B22/Ensembler_pollen_classification/BD/BI_5/labels//polar_circular/9.Origanum (112).png,polar_circular
/media/jczars/4C22F02A22F01B22/Ensembler_pollen_classification/BD/BI_5/labels//polar_circular/9.Origanum (117).png,polar_circular
/media/jczars/4C22F02A22F01B22/Ensembler_pollen_classification/BD/BI_5/labels//polar_circular/9.Origanum (120).png,polar_circular
/media/jczars/4C22F02A22F01B22/Ensembler_pollen_classification/BD/BI_5/labels//polar_circular/9.Origanum (133).png,polar_circular
/media/jczars/4C22F02A22F01B22/Ensembler_pollen_classification/BD/BI_5/labels//polar_circular/9.Origanum (143).png,polar_circular
/media/jczars/4C22F02A22F01B22/Ensembler_pollen_classification/BD/BI_5/labels//polar_circular/9.Origanum (149).png,polar_circular
/media/jczars/4C22F02A22F01B22/Ensembler_pollen_classification/BD/BI_5/labels//polar_circular/9.Origanum (151).png,polar_circular
/media/jczars/4C22F02A22F01B22/Ensembler_pollen_classification/BD/BI_5/labels//polar_circular/9.Origanum (165).png,polar_circular
/media/jczars/4C22F02A22F01B22/Ensembler_pollen_classification/BD/BI_5/labels//polar_circular/9.Origanum (19).png,polar_circular
/media/jczars/4C22F02A22F01B22/Ensembler_pollen_classification/BD/BI_5/labels//polar_circular/9.Origanum (25).png,polar_circular
/media/jczars/4C22F02A22F01B22/Ensembler_pollen_classification/BD/BI_5/labels//polar_circular/9.Origanum (27).png,polar_circular
/media/jczars/4C22F02A22F01B22/Ensembler_pollen_classification/BD/BI_5/labels//polar_circular/9.Origanum (29).png,polar_circular
/media/jczars/4C22F02A22F01B22/Ensembler_pollen_classification/BD/BI_5/labels//polar_circular/9.Origanum (33).png,polar_circular
/media/jczars/4C22F02A22F01B22/Ensembler_pollen_classification/BD/BI_5/labels//polar_circular/9.Origanum (36).png,polar_circular
/media/jczars/4C22F02A22F01B22/Ensembler_pollen_classification/BD/BI_5/labels//polar_circular/9.Origanum (39).png,polar_circular
/media/jczars/4C22F02A22F01B22/Ensembler_pollen_classification/BD/BI_5/labels//polar_circular/9.Origanum (4).png,polar_circular
/media/jczars/4C22F02A22F01B22/Ensembler_pollen_classification/BD/BI_5/labels//polar_circular/9.Origanum (43).png,polar_circular
/media/jczars/4C22F02A22F01B22/Ensembler_pollen_classification/BD/BI_5/labels//polar_circular/9.Origanum (45).png,polar_circular
/media/jczars/4C22F02A22F01B22/Ensembler_pollen_classification/BD/BI_5/labels//polar_circular/9.Origanum (46).png,polar_circular
/media/jczars/4C22F02A22F01B22/Ensembler_pollen_classification/BD/BI_5/labels//polar_circular/9.Origanum (5).png,polar_circular
/media/jczars/4C22F02A22F01B22/Ensembler_pollen_classification/BD/BI_5/labels//polar_circular/9.Origanum (55).png,polar_circular
/media/jczars/4C22F02A22F01B22/Ensembler_pollen_classification/BD/BI_5/labels//polar_circular/9.Origanum (60).png,polar_circular
/media/jczars/4C22F02A22F01B22/Ensembler_pollen_classification/BD/BI_5/labels//polar_circular/9.Origanum (62).png,polar_circular
/media/jczars/4C22F02A22F01B22/Ensembler_pollen_classification/BD/BI_5/labels//polar_circular/9.Origanum (65).png,polar_circular
/media/jczars/4C22F02A22F01B22/Ensembler_pollen_classification/BD/BI_5/labels//polar_circular/9.Origanum (70).png,polar_circular
/media/jczars/4C22F02A22F01B22/Ensembler_pollen_classification/BD/BI_5/labels//polar_circular/9.Origanum (80).png,polar_circular
/media/jczars/4C22F02A22F01B22/Ensembler_pollen_classification/BD/BI_5/labels//polar_circular/9.Origanum (92).png,polar_circular
/media/jczars/4C22F02A22F01B22/Ensembler_pollen_classification/BD/BI_5/labels//polar_circular/9.Origanum (94).png,polar_circular
/media/jczars/4C22F02A22F01B22/Ensembler_pollen_classification/BD/BI_5/labels//polar_circular/9.Origanum (96).png,polar_circular
/media/jczars/4C22F02A22F01B22/Ensembler_pollen_classification/BD/BI_5/labels//polar_circular/9.Origanum (97).png,polar_circular
/media/jczars/4C22F02A22F01B22/Ensembler_pollen_classification/BD/BI_5/labels//polar_triangular/12.Calicotome (1).png,polar_triangular
/media/jczars/4C22F02A22F01B22/Ensembler_pollen_classification/BD/BI_5/labels//polar_triangular/12.Calicotome (102).png,polar_triangular
/media/jczars/4C22F02A22F01B22/Ensembler_pollen_classification/BD/BI_5/labels//polar_triangular/12.Calicotome (115).png,polar_triangular
/media/jczars/4C22F02A22F01B22/Ensembler_pollen_classification/BD/BI_5/labels//polar_triangular/12.Calicotome (12).png,polar_triangular
/media/jczars/4C22F02A22F01B22/Ensembler_pollen_classification/BD/BI_5/labels//polar_triangular/12.Calicotome (120).png,polar_triangular
/media/jczars/4C22F02A22F01B22/Ensembler_pollen_classification/BD/BI_5/labels//polar_triangular/12.Calicotome (13).png,polar_triangular
/media/jczars/4C22F02A22F01B22/Ensembler_pollen_classification/BD/BI_5/labels//polar_triangular/12.Calicotome (19).png,polar_triangular
/media/jczars/4C22F02A22F01B22/Ensembler_pollen_classification/BD/BI_5/labels//polar_triangular/12.Calicotome (2).png,polar_triangular
/media/jczars/4C22F02A22F01B22/Ensembler_pollen_classification/BD/BI_5/labels//polar_triangular/12.Calicotome (26).png,polar_triangular
/media/jczars/4C22F02A22F01B22/Ensembler_pollen_classification/BD/BI_5/labels//polar_triangular/12.Calicotome (27).png,polar_triangular
/media/jczars/4C22F02A22F01B22/Ensembler_pollen_classification/BD/BI_5/labels//polar_triangular/12.Calicotome (28).png,polar_triangular
/media/jczars/4C22F02A22F01B22/Ensembler_pollen_classification/BD/BI_5/labels//polar_triangular/12.Calicotome (30).png,polar_triangular
/media/jczars/4C22F02A22F01B22/Ensembler_pollen_classification/BD/BI_5/labels//polar_triangular/12.Calicotome (31).png,polar_triangular
/media/jczars/4C22F02A22F01B22/Ensembler_pollen_classification/BD/BI_5/labels//polar_triangular/12.Calicotome (34).png,polar_triangular
/media/jczars/4C22F02A22F01B22/Ensembler_pollen_classification/BD/BI_5/labels//polar_triangular/12.Calicotome (4).png,polar_triangular
/media/jczars/4C22F02A22F01B22/Ensembler_pollen_classification/BD/BI_5/labels//polar_triangular/12.Calicotome (54).png,polar_triangular
/media/jczars/4C22F02A22F01B22/Ensembler_pollen_classification/BD/BI_5/labels//polar_triangular/12.Calicotome (55).png,polar_triangular
/media/jczars/4C22F02A22F01B22/Ensembler_pollen_classification/BD/BI_5/labels//polar_triangular/12.Calicotome (56).png,polar_triangular
/media/jczars/4C22F02A22F01B22/Ensembler_pollen_classification/BD/BI_5/labels//polar_triangular/12.Calicotome (58).png,polar_triangular
/media/jczars/4C22F02A22F01B22/Ensembler_pollen_classification/BD/BI_5/labels//polar_triangular/12.Calicotome (60).png,polar_triangular
/media/jczars/4C22F02A22F01B22/Ensembler_pollen_classification/BD/BI_5/labels//polar_triangular/12.Calicotome (64).png,polar_triangular
/media/jczars/4C22F02A22F01B22/Ensembler_pollen_classification/BD/BI_5/labels//polar_triangular/12.Calicotome (65).png,polar_triangular
/media/jczars/4C22F02A22F01B22/Ensembler_pollen_classification/BD/BI_5/labels//polar_triangular/12.Calicotome (69).png,polar_triangular
/media/jczars/4C22F02A22F01B22/Ensembler_pollen_classification/BD/BI_5/labels//polar_triangular/12.Calicotome (70).png,polar_triangular
/media/jczars/4C22F02A22F01B22/Ensembler_pollen_classification/BD/BI_5/labels//polar_triangular/12.Calicotome (71).png,polar_triangular
/media/jczars/4C22F02A22F01B22/Ensembler_pollen_classification/BD/BI_5/labels//polar_triangular/12.Calicotome (72).png,polar_triangular
/media/jczars/4C22F02A22F01B22/Ensembler_pollen_classification/BD/BI_5/labels//polar_triangular/12.Calicotome (74).png,polar_triangular
/media/jczars/4C22F02A22F01B22/Ensembler_pollen_classification/BD/BI_5/labels//polar_triangular/12.Calicotome (77).png,polar_triangular
/media/jczars/4C22F02A22F01B22/Ensembler_pollen_classification/BD/BI_5/labels//polar_triangular/12.Calicotome (78).png,polar_triangular
/media/jczars/4C22F02A22F01B22/Ensembler_pollen_classification/BD/BI_5/labels//polar_triangular/12.Calicotome (80).png,polar_triangular
/media/jczars/4C22F02A22F01B22/Ensembler_pollen_classification/BD/BI_5/labels//polar_triangular/12.Calicotome (90).png,polar_triangular
/media/jczars/4C22F02A22F01B22/Ensembler_pollen_classification/BD/BI_5/labels//polar_triangular/12.Calicotome (91).png,polar_triangular
/media/jczars/4C22F02A22F01B22/Ensembler_pollen_classification/BD/BI_5/labels//polar_triangular/12.Calicotome (97).png,polar_triangular
/media/jczars/4C22F02A22F01B22/Ensembler_pollen_classification/BD/BI_5/labels//polar_triangular/4.Eucalyptus (105).png,polar_triangular
/media/jczars/4C22F02A22F01B22/Ensembler_pollen_classification/BD/BI_5/labels//polar_triangular/4.Eucalyptus (123).png,polar_triangular
/media/jczars/4C22F02A22F01B22/Ensembler_pollen_classification/BD/BI_5/labels//polar_triangular/4.Eucalyptus (125).png,polar_triangular
/media/jczars/4C22F02A22F01B22/Ensembler_pollen_classification/BD/BI_5/labels//polar_triangular/4.Eucalyptus (128).png,polar_triangular
/media/jczars/4C22F02A22F01B22/Ensembler_pollen_classification/BD/BI_5/labels//polar_triangular/4.Eucalyptus (129).png,polar_triangular
/media/jczars/4C22F02A22F01B22/Ensembler_pollen_classification/BD/BI_5/labels//polar_triangular/4.Eucalyptus (134).png,polar_triangular
/media/jczars/4C22F02A22F01B22/Ensembler_pollen_classification/BD/BI_5/labels//polar_triangular/4.Eucalyptus (136).png,polar_triangular
/media/jczars/4C22F02A22F01B22/Ensembler_pollen_classification/BD/BI_5/labels//polar_triangular/4.Eucalyptus (141).png,polar_triangular
/media/jczars/4C22F02A22F01B22/Ensembler_pollen_classification/BD/BI_5/labels//polar_triangular/4.Eucalyptus (142).png,polar_triangular
/media/jczars/4C22F02A22F01B22/Ensembler_pollen_classification/BD/BI_5/labels//polar_triangular/4.Eucalyptus (146).png,polar_triangular
/media/jczars/4C22F02A22F01B22/Ensembler_pollen_classification/BD/BI_5/labels//polar_triangular/4.Eucalyptus (147).png,polar_triangular
/media/jczars/4C22F02A22F01B22/Ensembler_pollen_classification/BD/BI_5/labels//polar_triangular/4.Eucalyptus (149).png,polar_triangular
/media/jczars/4C22F02A22F01B22/Ensembler_pollen_classification/BD/BI_5/labels//polar_triangular/4.Eucalyptus (16).png,polar_triangular
/media/jczars/4C22F02A22F01B22/Ensembler_pollen_classification/BD/BI_5/labels//polar_triangular/4.Eucalyptus (17).png,polar_triangular
/media/jczars/4C22F02A22F01B22/Ensembler_pollen_classification/BD/BI_5/labels//polar_triangular/4.Eucalyptus (22).png,polar_triangular
/media/jczars/4C22F02A22F01B22/Ensembler_pollen_classification/BD/BI_5/labels//polar_triangular/4.Eucalyptus (23).png,polar_triangular
/media/jczars/4C22F02A22F01B22/Ensembler_pollen_classification/BD/BI_5/labels//polar_triangular/4.Eucalyptus (25).png,polar_triangular
/media/jczars/4C22F02A22F01B22/Ensembler_pollen_classification/BD/BI_5/labels//polar_triangular/4.Eucalyptus (28).png,polar_triangular
/media/jczars/4C22F02A22F01B22/Ensembler_pollen_classification/BD/BI_5/labels//polar_triangular/4.Eucalyptus (33).png,polar_triangular
/media/jczars/4C22F02A22F01B22/Ensembler_pollen_classification/BD/BI_5/labels//polar_triangular/4.Eucalyptus (40).png,polar_triangular
/media/jczars/4C22F02A22F01B22/Ensembler_pollen_classification/BD/BI_5/labels//polar_triangular/4.Eucalyptus (49).png,polar_triangular
/media/jczars/4C22F02A22F01B22/Ensembler_pollen_classification/BD/BI_5/labels//polar_triangular/4.Eucalyptus (50).png,polar_triangular
/media/jczars/4C22F02A22F01B22/Ensembler_pollen_classification/BD/BI_5/labels//polar_triangular/4.Eucalyptus (52).png,polar_triangular
/media/jczars/4C22F02A22F01B22/Ensembler_pollen_classification/BD/BI_5/labels//polar_triangular/4.Eucalyptus (63).png,polar_triangular
/media/jczars/4C22F02A22F01B22/Ensembler_pollen_classification/BD/BI_5/labels//polar_triangular/4.Eucalyptus (64).png,polar_triangular
/media/jczars/4C22F02A22F01B22/Ensembler_pollen_classification/BD/BI_5/labels//polar_triangular/4.Eucalyptus (65).png,polar_triangular
/media/jczars/4C22F02A22F01B22/Ensembler_pollen_classification/BD/BI_5/labels//polar_triangular/4.Eucalyptus (66).png,polar_triangular
/media/jczars/4C22F02A22F01B22/Ensembler_pollen_classification/BD/BI_5/labels//polar_triangular/4.Eucalyptus (71).png,polar_triangular
/media/jczars/4C22F02A22F01B22/Ensembler_pollen_classification/BD/BI_5/labels//polar_triangular/12.Calicotome (48).png,polar_triangular
/media/jczars/4C22F02A22F01B22/Ensembler_pollen_classification/BD/BI_5/labels//polar_triangular/12.Calicotome (81).png,polar_triangular
/media/jczars/4C22F02A22F01B22/Ensembler_pollen_classification/BD/BI_5/labels//polar_triangular/4.Eucalyptus (151).png,polar_triangular
/media/jczars/4C22F02A22F01B22/Ensembler_pollen_classification/BD/BI_5/labels//polar_triangular/4.Eucalyptus (78).png,polar_triangular
/media/jczars/4C22F02A22F01B22/Ensembler_pollen_classification/BD/BI_5/labels//polar_triangular/5.Myrtus (33).png,polar_triangular
/media/jczars/4C22F02A22F01B22/Ensembler_pollen_classification/BD/BI_5/labels//polar_triangular/4.Eucalyptus (86).png,polar_triangular
/media/jczars/4C22F02A22F01B22/Ensembler_pollen_classification/BD/BI_5/labels//polar_triangular/4.Eucalyptus (89).png,polar_triangular
/media/jczars/4C22F02A22F01B22/Ensembler_pollen_classification/BD/BI_5/labels//polar_triangular/4.Eucalyptus (91).png,polar_triangular
/media/jczars/4C22F02A22F01B22/Ensembler_pollen_classification/BD/BI_5/labels//polar_triangular/4.Eucalyptus (92).png,polar_triangular
/media/jczars/4C22F02A22F01B22/Ensembler_pollen_classification/BD/BI_5/labels//polar_triangular/4.Eucalyptus (99).png,polar_triangular
/media/jczars/4C22F02A22F01B22/Ensembler_pollen_classification/BD/BI_5/labels//polar_triangular/5.Myrtus (1).png,polar_triangular
/media/jczars/4C22F02A22F01B22/Ensembler_pollen_classification/BD/BI_5/labels//polar_triangular/5.Myrtus (101).png,polar_triangular
/media/jczars/4C22F02A22F01B22/Ensembler_pollen_classification/BD/BI_5/labels//polar_triangular/5.Myrtus (104).png,polar_triangular
/media/jczars/4C22F02A22F01B22/Ensembler_pollen_classification/BD/BI_5/labels//polar_triangular/5.Myrtus (108).png,polar_triangular
/media/jczars/4C22F02A22F01B22/Ensembler_pollen_classification/BD/BI_5/labels//polar_triangular/5.Myrtus (115).png,polar_triangular
/media/jczars/4C22F02A22F01B22/Ensembler_pollen_classification/BD/BI_5/labels//polar_triangular/5.Myrtus (20).png,polar_triangular
/media/jczars/4C22F02A22F01B22/Ensembler_pollen_classification/BD/BI_5/labels//polar_triangular/5.Myrtus (21).png,polar_triangular
/media/jczars/4C22F02A22F01B22/Ensembler_pollen_classification/BD/BI_5/labels//polar_triangular/5.Myrtus (27).png,polar_triangular
/media/jczars/4C22F02A22F01B22/Ensembler_pollen_classification/BD/BI_5/labels//polar_triangular/5.Myrtus (28).png,polar_triangular
/media/jczars/4C22F02A22F01B22/Ensembler_pollen_classification/BD/BI_5/labels//polar_triangular/5.Myrtus (29).png,polar_triangular
/media/jczars/4C22F02A22F01B22/Ensembler_pollen_classification/BD/BI_5/labels//polar_triangular/5.Myrtus (3).png,polar_triangular
/media/jczars/4C22F02A22F01B22/Ensembler_pollen_classification/BD/BI_5/labels//polar_triangular/5.Myrtus (36).png,polar_triangular
/media/jczars/4C22F02A22F01B22/Ensembler_pollen_classification/BD/BI_5/labels//polar_triangular/5.Myrtus (48).png,polar_triangular
/media/jczars/4C22F02A22F01B22/Ensembler_pollen_classification/BD/BI_5/labels//polar_triangular/5.Myrtus (5).png,polar_triangular
/media/jczars/4C22F02A22F01B22/Ensembler_pollen_classification/BD/BI_5/labels//polar_triangular/5.Myrtus (51).png,polar_triangular
/media/jczars/4C22F02A22F01B22/Ensembler_pollen_classification/BD/BI_5/labels//polar_triangular/5.Myrtus (52).png,polar_triangular
/media/jczars/4C22F02A22F01B22/Ensembler_pollen_classification/BD/BI_5/labels//polar_triangular/5.Myrtus (53).png,polar_triangular
/media/jczars/4C22F02A22F01B22/Ensembler_pollen_classification/BD/BI_5/labels//polar_triangular/5.Myrtus (54).png,polar_triangular
/media/jczars/4C22F02A22F01B22/Ensembler_pollen_classification/BD/BI_5/labels//polar_triangular/5.Myrtus (58).png,polar_triangular
/media/jczars/4C22F02A22F01B22/Ensembler_pollen_classification/BD/BI_5/labels//polar_triangular/5.Myrtus (6).png,polar_triangular
/media/jczars/4C22F02A22F01B22/Ensembler_pollen_classification/BD/BI_5/labels//polar_triangular/5.Myrtus (61).png,polar_triangular
/media/jczars/4C22F02A22F01B22/Ensembler_pollen_classification/BD/BI_5/labels//polar_triangular/5.Myrtus (64).png,polar_triangular
/media/jczars/4C22F02A22F01B22/Ensembler_pollen_classification/BD/BI_5/labels//polar_triangular/5.Myrtus (65).png,polar_triangular
/media/jczars/4C22F02A22F01B22/Ensembler_pollen_classification/BD/BI_5/labels//polar_triangular/5.Myrtus (66).png,polar_triangular
/media/jczars/4C22F02A22F01B22/Ensembler_pollen_classification/BD/BI_5/labels//polar_triangular/5.Myrtus (70).png,polar_triangular
/media/jczars/4C22F02A22F01B22/Ensembler_pollen_classification/BD/BI_5/labels//polar_triangular/5.Myrtus (71).png,polar_triangular
/media/jczars/4C22F02A22F01B22/Ensembler_pollen_classification/BD/BI_5/labels//polar_triangular/5.Myrtus (73).png,polar_triangular
/media/jczars/4C22F02A22F01B22/Ensembler_pollen_classification/BD/BI_5/labels//polar_triangular/5.Myrtus (78).png,polar_triangular
/media/jczars/4C22F02A22F01B22/Ensembler_pollen_classification/BD/BI_5/labels//polar_triangular/5.Myrtus (80).png,polar_triangular
/media/jczars/4C22F02A22F01B22/Ensembler_pollen_classification/BD/BI_5/labels//polar_triangular/5.Myrtus (81).png,polar_triangular
/media/jczars/4C22F02A22F01B22/Ensembler_pollen_classification/BD/BI_5/labels//polar_triangular/5.Myrtus (82).png,polar_triangular
/media/jczars/4C22F02A22F01B22/Ensembler_pollen_classification/BD/BI_5/labels//polar_triangular/5.Myrtus (84).png,polar_triangular
/media/jczars/4C22F02A22F01B22/Ensembler_pollen_classification/BD/BI_5/labels//polar_triangular/5.Myrtus (85).png,polar_triangular
/media/jczars/4C22F02A22F01B22/Ensembler_pollen_classification/BD/BI_5/labels//polar_triangular/5.Myrtus (90).png,polar_triangular
/media/jczars/4C22F02A22F01B22/Ensembler_pollen_classification/BD/BI_5/labels//polar_tricircular/2.Erica (29).png,polar_tricircular
/media/jczars/4C22F02A22F01B22/Ensembler_pollen_classification/BD/BI_5/labels//polar_tricircular/2.Erica (103).png,polar_tricircular
/media/jczars/4C22F02A22F01B22/Ensembler_pollen_classification/BD/BI_5/labels//polar_tricircular/2.Erica (104).png,polar_tricircular
/media/jczars/4C22F02A22F01B22/Ensembler_pollen_classification/BD/BI_5/labels//polar_tricircular/2.Erica (106).png,polar_tricircular
/media/jczars/4C22F02A22F01B22/Ensembler_pollen_classification/BD/BI_5/labels//polar_tricircular/2.Erica (107).png,polar_tricircular
/media/jczars/4C22F02A22F01B22/Ensembler_pollen_classification/BD/BI_5/labels//polar_tricircular/2.Erica (123).png,polar_tricircular
/media/jczars/4C22F02A22F01B22/Ensembler_pollen_classification/BD/BI_5/labels//polar_tricircular/2.Erica (132).png,polar_tricircular
/media/jczars/4C22F02A22F01B22/Ensembler_pollen_classification/BD/BI_5/labels//polar_tricircular/2.Erica (141).png,polar_tricircular
/media/jczars/4C22F02A22F01B22/Ensembler_pollen_classification/BD/BI_5/labels//polar_tricircular/2.Erica (15) - Copia.png,polar_tricircular
/media/jczars/4C22F02A22F01B22/Ensembler_pollen_classification/BD/BI_5/labels//polar_tricircular/2.Erica (15).png,polar_tricircular
/media/jczars/4C22F02A22F01B22/Ensembler_pollen_classification/BD/BI_5/labels//polar_tricircular/2.Erica (16).png,polar_tricircular
/media/jczars/4C22F02A22F01B22/Ensembler_pollen_classification/BD/BI_5/labels//polar_tricircular/2.Erica (17).png,polar_tricircular
/media/jczars/4C22F02A22F01B22/Ensembler_pollen_classification/BD/BI_5/labels//polar_tricircular/2.Erica (19).png,polar_tricircular
/media/jczars/4C22F02A22F01B22/Ensembler_pollen_classification/BD/BI_5/labels//polar_tricircular/2.Erica (20).png,polar_tricircular
/media/jczars/4C22F02A22F01B22/Ensembler_pollen_classification/BD/BI_5/labels//polar_tricircular/2.Erica (24).png,polar_tricircular
/media/jczars/4C22F02A22F01B22/Ensembler_pollen_classification/BD/BI_5/labels//polar_tricircular/2.Erica (25).png,polar_tricircular
/media/jczars/4C22F02A22F01B22/Ensembler_pollen_classification/BD/BI_5/labels//polar_tricircular/2.Erica (28).png,polar_tricircular
/media/jczars/4C22F02A22F01B22/Ensembler_pollen_classification/BD/BI_5/labels//polar_tricircular/2.Erica (32).png,polar_tricircular
/media/jczars/4C22F02A22F01B22/Ensembler_pollen_classification/BD/BI_5/labels//polar_tricircular/2.Erica (35).png,polar_tricircular
/media/jczars/4C22F02A22F01B22/Ensembler_pollen_classification/BD/BI_5/labels//polar_tricircular/2.Erica (36).png,polar_tricircular
/media/jczars/4C22F02A22F01B22/Ensembler_pollen_classification/BD/BI_5/labels//polar_tricircular/2.Erica (37).png,polar_tricircular
/media/jczars/4C22F02A22F01B22/Ensembler_pollen_classification/BD/BI_5/labels//polar_tricircular/2.Erica (38).png,polar_tricircular
/media/jczars/4C22F02A22F01B22/Ensembler_pollen_classification/BD/BI_5/labels//polar_tricircular/2.Erica (40).png,polar_tricircular
/media/jczars/4C22F02A22F01B22/Ensembler_pollen_classification/BD/BI_5/labels//polar_tricircular/2.Erica (5) - Copia.png,polar_tricircular
/media/jczars/4C22F02A22F01B22/Ensembler_pollen_classification/BD/BI_5/labels//polar_tricircular/2.Erica (5).png,polar_tricircular
/media/jczars/4C22F02A22F01B22/Ensembler_pollen_classification/BD/BI_5/labels//polar_tricircular/2.Erica (59).png,polar_tricircular
/media/jczars/4C22F02A22F01B22/Ensembler_pollen_classification/BD/BI_5/labels//polar_tricircular/2.Erica (61).png,polar_tricircular
/media/jczars/4C22F02A22F01B22/Ensembler_pollen_classification/BD/BI_5/labels//polar_tricircular/2.Erica (62).png,polar_tricircular
/media/jczars/4C22F02A22F01B22/Ensembler_pollen_classification/BD/BI_5/labels//polar_tricircular/2.Erica (68).png,polar_tricircular
/media/jczars/4C22F02A22F01B22/Ensembler_pollen_classification/BD/BI_5/labels//polar_tricircular/2.Erica (71).png,polar_tricircular
/media/jczars/4C22F02A22F01B22/Ensembler_pollen_classification/BD/BI_5/labels//polar_tricircular/2.Erica (75).png,polar_tricircular
/media/jczars/4C22F02A22F01B22/Ensembler_pollen_classification/BD/BI_5/labels//polar_tricircular/2.Erica (76).png,polar_tricircular
/media/jczars/4C22F02A22F01B22/Ensembler_pollen_classification/BD/BI_5/labels//polar_tricircular/2.Erica (77).png,polar_tricircular
/media/jczars/4C22F02A22F01B22/Ensembler_pollen_classification/BD/BI_5/labels//polar_tricircular/2.Erica (78).png,polar_tricircular
/media/jczars/4C22F02A22F01B22/Ensembler_pollen_classification/BD/BI_5/labels//polar_tricircular/2.Erica (80).png,polar_tricircular
